ref,text
"“A virgin will have a baby boy, and he will be called Immanuel,” which means “God is with us.”","“Sapaamunn tan sa soor poor ki mar bonjabik, ki bi tan sa pur u sann Emmanuel.”"
"From David to the time of the exile in Babylonia, the ancestors of Jesus were: David, Solomon , Rehoboam, Abijah, Asa, Jehoshaphat, Jehoram; Uzziah, Jotham, Ahaz, Hezekiah, Manasseh, Amon, Josiah, and Jehoiachin and his brothers.","ki Josaya din mar Jekonaya nan u waarii, ba din soor Israel niib daaba ki saan namm Babilɔnn yoonba na."
"From the exile to the birth of Jesus, his ancestors were: Jehoiachin, Shealtiel, Zerubbabel, Abiud, Eliakim, Azor, Zadok, Achim; Eliud, Eleazar, Matthan, Jacob, and Joseph, the husband of Mary, the mother of Jesus, who is called the Messiah.","Jakɔb din mar Josef, ki Josef mun din tee Mari sɔrɔ, ki Mari din mar Yisa nba ki bi yiu Yennu Niganntɔɔ Masia na."
more to the birth of the Messiah. The Birth of Jesus (Luke,"Asor din mar Sadok, ki Sadok din mar Akim, ki Akim mun din mar Eliud."
"This is how Jesus Christ was born. A young woman named Mary was engaged to Joseph from King David's family. But before they were married, she learned that she was going to have a baby by God's Holy Spirit.","Ba din mar Yisa Masia biaŋinbae na: u naa Mari din tee Josef sarkpeŋe, ŋaan ki bi daa din ki kɔɔn leebi, ŋaan ki bi din tan la ki u mɔk poor, ki Yennu Seyeeŋ paŋ nie ki u soor poor maŋ."
Joseph was a good man and did not want to embarrass Mary in front of everyone. So he decided to quietly call off the wedding.,"Josef nba ki u din yaa wun kunɔ na din tee Yennu nipeemɔe. Li paak, u din ki loon ki wun nyinnir paanu ni ki lin dinn Mari fei, ŋaan u din lor u par nie nan u ji kan kɔɔnɔ."
"While Joseph was thinking about this, an angel from the Lord appeared to him in a dream. The angel said, “Joseph, the baby that Mary will have is from the Holy Spirit. Go ahead and marry her.","Wa ji din dukii linba na po nee, ki Yennu malaka baar u boor ni u dammiit ni ki tan betɔ a “Fin Josef, wunba tee David yaaboonn, daa yêen a sarkpeŋ Mari kɔɔnu, kimaan wa mɔk poor nba na tee Yennu Seyeeŋ paŋ nie ki u soor poor maŋ."
"Then after her baby is born, name him Jesus, because he will save his people from their sins.”","U tan sa mar bonjabike, ki a sa pur u sann Yisa, kimaan u tan sa nyinn u niib bi biit ni.”"
"So the Lord's promise came true, just as the prophet had said,",Linba na kur din tun a lin gbeen linba ki ti Yomdaanɔ Yennu din te ki u sɔkiniisɔɔ pak li po nee a
"After Joseph woke up, he and Mary were soon married, just as the Lord's angel had told him to do.","Josef nba din tan fiir gɔɔn ni yoonba ki u tun kaman nan Yennu malaka na nba betɔ biaŋinba na, ki ji din sak ki gaar u sarkpeŋ Mari,"
But they did not sleep together before her baby was born. Then Joseph named him Jesus.,"ŋaan u din ki dɔɔ nanɔ mɔkmɔk nan wa din tan mar u sapaanmar, bonjak na. Ki Josef din pur u sann Yisa."
"When Jesus was born in the village of Bethlehem in Judea, Herod was king. During this time some wise men from the east came to Jerusalem","Bi din mar Yisa dosau nna ni, ki bi yir Betlehem, ki li be Judea tingbouŋ ni. Bi din marɔ Bat Herod yooe. Li yoo na ki banntesiab din nyii yendopo ki baar Jerusalem ki tan boi niib a"
"and said, “Where is the child born to be king of the Jews? We saw his star in the east and have come to worship him.”","“Israel teeb kpanbar saakɔɔ nba ki bi marɔ na, u be lee? Ti daan la u ŋmaabire yendopo ki baar na a ti tan jiantɔ.”"
"When King Herod heard about this, he was worried, and so was everyone else in Jerusalem.","Bat Herod nba din gbat nna maŋ, ki li biir ŋɔɔ nan Jerusalem teeb kur para ni, ki bi ji din ki fit kari."
"Herod brought together the chief priests and the teachers of the Law of Moses and asked them, “Where will the Messiah be born?”",Ki u din yiin Yennu jiantu yudamm nan sennu wannteeb ki tan boib a “Lee ki bi sa mar Yennu Niganntɔɔ Masia na?”
"They told him, “He will be born in Bethlehem, just as the prophet wrote,",Ki bi jiinɔ a “Betlehem doo nba be Judea tingbouŋ ni na; kimaan Yennu sɔkinii na din sɔb ki yaa a Yennu yet a
"‘Bethlehem in the land of Judea, you are very important among the towns of Judea. From your town will come a leader, who will be like a shepherd for my people Israel.’ ”","‘Fin Betlehem nba be Juda tingbouŋ ni na, a ki tee tinbik kaa Juda yiar ni, kimaan batsɔɔ tan sa nyi a nie, ki ŋɔɔe tan sii yen n niib Israel teeb.’ ”"
Herod secretly called in the wise men and asked them when they had first seen the star.,"Linba na poorpoe ki Bat Herod din yiin bannteeb maŋ woonin ni, ki tan boib ki fiitib fanu a wun bann yoo nba ki ŋmaabir na daan nyii;"
"He told them, “Go to Bethlehem and search carefully for the child. As soon as you find him, let me know. I also want to go and worship him.”","ki u din yetib, “I saa man Betlehem ki saa lon bik maŋ fanu; yoo nba ki i lau, yin jenna ki tan betin ki n mun saan ki saa jiantɔ.”"
The wise men listened to what the king said and then left. And the star they had seen in the east went on ahead of them until it stopped over the place where the child was.,"Bat na nba din pak nna ki gbenn yoonba, ki bi nyii ki soor sɔnu; ba din saa maŋ ki bi la ŋmaabir nba daan nyii yendopo na, ki li gar bi tɔɔnn po ki saa set bik maŋ nba be ŋaak nba na ni, li sanpaapo."
They were thrilled and excited to see the star.,"Ba la ŋmaabir maŋ na, ki bi para ni penn bonchiann."
"When the men went into the house and saw the child with Mary, his mother, they knelt down and worshiped him. They took out their gifts of gold, frankincense, and myrrh and gave them to him.","Ki bi kɔɔ ŋaak maŋ ni, ki la bik maŋ nan u naa Mari; ŋanne ki bi gbaan ki jiant bik maŋ, ŋaan biit bi paka ki nyinn piinii ki turɔ; piinii maŋ din tee sarima nan tulaarnyun nan tulaarsiar nna ki bi yir mir."
"Later they were warned in a dream not to return to Herod, and they went back home by another road. The Escape to Egypt","Tɔn, ki Yennu din pak ki turib bi dammiit ni, a bi ji daa ŋmat Bat Herod boor ni; li paak, ki bi ji din tɔkin sanjogauŋ ki ŋmat kun bi doo ni. Josef nba din chiar ki saan Ijipt biaŋinba na labaar"
"After the wise men had gone, an angel from the Lord appeared to Joseph in a dream and said, “Get up! Hurry and take the child and his mother to Egypt! Stay there until I tell you to return, because Herod is looking for the child and wants to kill him.”","Bannteeb na nba din kun na poorpoe ki ti Yomdaanɔ Yennu malaka din baar Josef boor u dammiit ni, ki betɔ a “Fiit ki jii sanpantik maŋ nan u naa kii tiin kii saa Ijipt tingbouŋ ni, ki saa kar leŋ nan yoo nba ki n tan sa tura mɔb biak, kimaan Bat Herod loon ki wun lon bik maŋ boore ki kpiu.”"
"That night, Joseph got up and took his wife and the child to Egypt,",Ki u din fiir nyiɔk ki jii bik na nan u naa ki chiar ki saan namm Ijipt tingbouŋ ni.
"where they stayed until Herod died. So the Lord's promise came true, just as the prophet had said, “I called my son out of Egypt.” The Killing of the Children",U din be leŋe nan yoo nba ki Bat Herod din tan kpo na. Linba kur din tun a lin gbeen linba ki ti Yomdaanɔ Yennu din te ki u sɔkiniisɔɔ pak li po nee a “N din nyinn n bija maŋ Ijipt tingbouŋ nie.” Bonjabis kpinu labaar
"When Herod found out that the wise men from the east had tricked him, he was very angry. He gave orders for his men to kill all the boys who lived in or near Bethlehem and were two years old and younger. This was based on what he had learned from the wise men.","Herod nba din tan bann nan bannteeb maŋ kparɔe na, ki li gbatɔ bonchiann, ki u din tun lanjimanba a bin saan Betlehem nan li digbanbis ni ki saa kpi bonjabis kur; ki bi din kpi sanpantii nan binba tee bina ŋannlelee kaman nan wa daan boi bannteeb maŋ ki bann yoo nba ki ŋmaabir na daan nyii na."
"So the Lord's promise came true, just as the prophet Jeremiah had said,",Wa kpii waas na biaŋinba na ki li din teen ki gbeen linba ki Yennu sɔkinii Jeremaya din pak na po a
"“In Ramah a voice was heard crying and weeping loudly. Rachel was mourning for her children, and she refused to be comforted, because they were dead.” The Return from Egypt","“Rama tiŋ nɔɔk nie ki bi gbia fuut, mɔnii nan fabinii nan kpemɔnboor kir bo, ki Rachel mɔ u waas paak, ki bi barimɔ ki tan goo, kimaan u waas kura kpowa.” Ba din nyii Ijipt tingbouŋ ni ki jen biaŋinba"
"After King Herod died, an angel from the Lord appeared in a dream to Joseph while he was still in Egypt.","Tɔn, ki Bat Herod tan kpo; ki u kuun poorpo ki ti Yomdaanɔ Yennu malaka bia din saan Josef boor u dammiit ni, Ijipt tingbouŋ ni,"
"The angel said, “Get up and take the child and his mother back to Israel. The people who wanted to kill him are now dead.”","ki saa yetɔ “Fiit ki jii bik maŋ nan u naa, ki ŋmat saan Israel tingbouŋ ni, kimaan binba din lor a bin kpi bik maŋ na kpowa.”"
"But when he heard that Herod's son Archelaus was now ruler of Judea, he was afraid to go there. Then in a dream he was told to go to Galilee,","Wa din tan gbat a Akelaus dii naan ki kar u baa Herod naangbant paak Judea tiŋ ni na, ki jaŋmaanii soorɔ nan wun kun leŋ; ki Yennu bia din wannɔ u dammiit ni a wun ŋmat saan Galilee tingbouŋ ni."
"and they went to live there in the town of Nazareth. So the Lord's promise came true, just as the prophet had said, “He will be called a Nazarene.”","Ki u din saan ki saa kar doo nba ki bi yi Nasaret na ni, a lin teen gbeen maan nba ki Yennu sɔkiniinba nba din sɔb linba na a “Bi tan sii yiu Nasaret nirɔe.”"
Do something to show you have really given up your sins.,Yii tuun man linba sa wann nan i set nyik i biit.
"He said, “Turn back to God! The kingdom of heaven will soon be here.”","“Nyikin man i biit, kimaan Yennu naan dinu per na.”"
John wore clothes made of camel's hair. He had a leather strap around his waist and ate grasshoppers and wild honey.,"Jɔɔnn din lia lagumii kobit liatire, ki bia boob gbann u siak ni, ki u jeet din tee naasuut nan siate."
From Jerusalem and all Judea and from the Jordan River Valley crowds of people went to John.,"Li yoo ki Jerusalem doo ni teeb, nan Judea tingbouŋ ni teeb kur, nan Jɔɔdann mɔkir tingbouŋ ni teeb kur din saan u boor ni,"
"They told how sorry they were for their sins, and he baptized them in the river.","ki fiit bi toonbiit, ki u wurib Yennu nyunwuru Jɔɔdann mɔkir maŋ ni."
Many Pharisees and Sadducees also came to be baptized. But John said to them: You bunch of snakes! Who warned you to run from the coming judgment?,"Wa din tan la ki Farisiinba nan Sajusiinba bonchiann ki bi mun baat u boor ni a wun wurib Yennu nyunwuru na, ki u betib a “Yimm walabirii na! Ŋmee kpaani a yii tin ki nyi Yennu wutoor nba yaa lin baar i paak na ni?"
An ax is ready to cut the trees down at their roots. Any tree that doesn't produce good fruit will be chopped down and thrown into a fire.,"Pajar poŋ teen siira a wun chɔɔ tiinii; ki tiik nba kur ki loon lɔɔnŋana, bi sa chɔɔre ki lur muu ni."
"His threshing fork is in his hand, and he is ready to separate the wheat from the husks. He will store the wheat in a barn and burn the husks in a fire that never goes out. The Baptism of Jesus (Mark","U dia u dilenn ŋmanniie ki yaa wun lenn bonŋann, ki nyinn dibin ki wuun u bɔɔr ni, ŋaan joo fouŋ na muu nba kan mi ki kpeenni.” Jɔɔnn nba din wur Yisa biaŋinba (Mak"
Jesus left Galilee and went to the Jordan River to be baptized by John.,"Li yoo maŋ ki Yisa din nyii Galilee ki saan Jɔɔdann mɔkir po, ki baar Jɔɔnn boor ni a wun wurɔ Yennu nyunwuru."
"But John kept objecting and said, “I ought to be baptized by you. Why have you come to me?”","Ki Jɔɔnn ki saki, ki yetɔ a “Mine bo sa baar a boor ni ki a wurin, ŋaan ki a mun tan baat n boor ni-ii?”"
"Jesus answered, “For now this is how it should be, because we must do all God wants us to do.” Then John agreed.","Ŋaan ki Yisa yetɔ a “Ŋaant ki lin tun nna mɔtana, kimaan nnee ki li ŋan ki tin tun toonŋana kura.” Li yoo na ki Jɔɔnn sak."
"So Jesus was baptized. And as soon as he came out of the water, the sky opened, and he saw the Spirit of God coming down on him like a dove.","Wa wur Yisa Yennu nyunwuru ki gbenn yoonba, li taakpaak ni ki Yisa nyii nyun na ni; ki sanpaapo tan loot, ki u la ki Yennu Seyeeŋ siik u paak ki naan nan ŋmann na, ki tan jakin u paak."
"Then a voice from heaven said, “This is my own dear Son, and I am pleased with him.”","Ki kunkɔr nyii sanpaapo ki yet a “N Bilonkakii na, ŋɔɔe ki n numm gboou.”"
"When Jesus heard that John had been put in prison, he went to Galilee.","Yisa nba din tan gbat nan Jɔɔnn kɔɔ dansarik na, ki u saan Galilee."
"But instead of staying in Nazareth, Jesus moved to Capernaum. This town was beside Lake Galilee in the territory of Zebulun and Naphtali.","Wa din baar Nasaret na u din ki yukir leŋi, ŋaan gar ki saan Kapenaum doo nba be mɔk-kpiŋ, Sebulun nan Naftali tiŋ ni na."
"Then the devil came to him and said, “If you are God's Son, tell these stones to turn into bread.”","Ki Sintaanii baar u boor ni ki tan yetɔ a “Li-i tee ki a set kii tee Yennu Bijaie, fan yet tana na ki lin kpant jeet ki a di.”"
"Jesus answered, “The Scriptures also say, ‘Don't try to test the Lord your God!’ ”","Ki Yisa yetɔ, “Li bia sɔb Yennu gbouŋ ni a ‘Sɔɔ daa bikii u Yomdaanɔ Yennu.’ ”"
"Finally, the devil took Jesus up on a very high mountain and showed him all the kingdoms on earth and their power.","Ki Sintaanii bia din jiiu ki doo nanɔ jɔɔr nba fɔk bonchiann paak ki saa wannɔ tingbouŋ na yent kur kur nan li mɔkint,"
"The devil said to him, “I will give all this to you, if you will bow down and worship me.”","ŋaan betɔ a “Li-i tee ki a bo sa gbaan ki jiantin, n bo sa tura yent maŋ kura.”"
"Jesus answered, “Go away Satan! The Scriptures say: ‘Worship the Lord your God and serve only him.’ ”","Ki Yisa betɔ, “Seetir nna Sintaanii. Li sɔb Yennu gbouŋ ni a ‘Nirɔ-ii jiantir u Yomdaanɔ Yennu kuukɔɔe, kii bia kii waa ŋɔɔ kuukɔɔ.’ ”"
"So God's promise came true, just as the prophet Isaiah had said,",Linba na din tun a lin gbeen Yennu sɔkinii Aisaya nba din pak linba na poe a
"“Listen, lands of Zebulun and Naphtali, lands along the road to the sea and across the Jordan. Listen Galilee, land of the Gentiles!","“Sebulun tiŋ nan Naftali tiŋ nba be Jɔɔdann mɔk-pootir po, ki bia be mɔkgbeŋŋir boor, nan Galilee tiŋ nba ki binba ki tee Juu teeb na kar li ni;"
Right then the two brothers dropped their nets and went with him.,Ki bi set din nyik bi janlaant yiama ŋaan waau.
"While Jesus was walking along the shore of Lake Galilee, he saw two brothers. One was Simon, also known as Peter, and the other was Andrew. They were fishermen, and they were casting their net into the lake.","Yisa nba din somm Galilee mɔkgbeŋŋir kpiŋ na, ki u tan la nirɔ wunba ki bi yiu Simon ki bia yiu Piita na, nan u waarɔ Andru, ki bi lubin janlaauŋ mɔkir ni, kimaan bi din tee jansoorae."
"Jesus walked on until he saw James and John, the sons of Zebedee. They were in a boat with their father, mending their nets. Jesus asked them to come with him.","Wa din nyii leŋ ki saan tɔɔnn po waaminna, ki u la Sebedee nan u waas bannlee, Jems nan u waarɔ Jɔɔnn, ki bi be burgbetir ni ki lik bi janlaant; ki u yiimm."
"At once they left the boat and their father and went with Jesus. Jesus Teaches, Preaches, and Heals (Luke","Li taakpaak ni, ki bi nyik burgbetir na nan bi baa, ŋaan waa Yisa. Biaŋinba ki Yisa din te ki baatib paak na (Luk"
"Jesus went all over Galilee, teaching in their synagogues and preaching the good news about God's kingdom. He also healed every kind of disease and sickness.","Yisa din lin Galilee tiŋ maŋ kura po, ki want niib Yennu maan, jiantu diit ni, ki mɔɔntir Yennu naan barŋanii mɔɔntii ki teemm, ki te ki binba mɔk yiarboorii boorii kur nan binba mɔk gbanantont kur paak."
"News about him spread all over Syria, and people with every kind of sickness or disease were brought to him. Some of them had a lot of demons in them, others were thought to be crazy, and still others could not walk. But Jesus healed them all.","Ki bi din lin ki mɔɔnt u sann Siria tingbouŋ ni kura po. Ki bi din jikit baatboorii boorii kura, ki baat namm u boor ni: binba din yiar yiarbooru nba kur, gbanantont, binba din gbee nan narinbiit, binba din baa gbitgbia, nan gbanankpeenn damm, ki u din te ki bi paak."
"Large crowds followed Jesus from Galilee and the region around the ten cities known as Decapolis. They also came from Jerusalem, Judea, and from across the Jordan River.","Ki niburchiauŋ nba din nyii Galilee, nan Doi-piik, nan Jerusalem, nan Judea, nan Jɔɔdann mɔk-pootir din bit ki waau."
"When Jesus saw the crowds, he went up on the side of a mountain and sat down. Blessings (Luke","Yisa nba din la niburchiauŋ maŋ na, ki u doo kunkonn paak ki saa kar; ki u poorpoweiteeb lakin u boor ni."
"You must obey God's commands better than the Pharisees and the teachers of the Law obey them. If you don't, I promise you will never get into the kingdom of heaven. Anger","Kimaan mii beeri nan see ki i toonŋana yab ki gar sennu wannteeb nan Farisiinba yar, li-i kii tee nnai kaa, i kan mi ki kɔɔ Yennu naan ni. Wutoor po"
"So if you are about to place your gift on the altar and remember that someone is angry with you,","Li paak, wunba tan kɔɔ Yennu diiuk ni a wun pi Yennu piinii, ŋaan tiar nan u mɔk biit nan u naa bik,"
God blesses those people who depend only on him. They belong to the kingdom of heaven!,"“Binba mi bi mɔŋ nan bi namii, parpeenn tee bi yare, kimaan Yennu naan tee bi yare."
God blesses those people who grieve. They will find comfort!,"“Binba mɔ ki fabin, parpeenn tee bi yare, kimaan Yennu sa maan bi parawa."
God blesses those people who are humble. The earth will belong to them!,"“Binba sikin bi mɔŋ, parpeenn tee bi yare, kimaan ŋamme tan sii yen tingbouŋ na."
God blesses those people who are merciful. They will be treated with mercy!,"“Binba mɔk ninbatinu nan bi leeb, parpeenn tee bi yare, kimaan ŋamme ki Yennu mun bia sa timm ninbaauk."
God blesses those people whose hearts are pure. They will see him!,"“Binba para ni yeen, parpeenn tee bi yare, kimaan ŋamme sa la Yennu."
"You are the light for the whole world. A city built on top of a hill cannot be hidden,","“Yimme tee tingbouŋ na yentu; doo nba ki bi maa ki senn kunkonn paak, li kan fit bɔri."
"But I tell you not to swear by anything when you make a promise! Heaven is God's throne, so don't swear by heaven.","ŋaan min ŋanin beerie la, nan i mi ki a por mɔpor gbaa; daa yeen a ‘N por sanpaapo,’ kimaan li tee Yennu naangbouŋo;"
"The earth is God's footstool, so don't swear by the earth. Jerusalem is the city of the great king, so don't swear by it.","daa yeen a ‘N por tingbouŋ,’ kimaan li tee Yennu taapanŋmaatire; a bia daa yeen a ‘N por Jerusalemi,’ kimaan li tee yabint Yennu dooe;"
"You are the salt for everyone on earth. But if salt no longer tastes like salt, how can it make food salty? All it is good for is to be thrown out and walked on.","“I tee kaman nan yaarin nee tingbouŋ na ni. Yaarim-i taŋŋi biir ki ji ki mani, nlee ki li ji sii mani? Li wann nan li ji kaa nyɔɔti; see ki bi kpaar ki mɔɔn tiŋ ni, ki niib somm li paak."
"and no one lights a lamp and puts it under a clay pot. Instead, it is placed on a lampstand, where it can give light to everyone in the house.","Sɔɔ mun kan joo fitir ŋaan jii ŋmaŋ ki chibini; see ki u jiir ki tɔɔnn bonsiar nba fɔk paak, ki lin tur ŋaak niib kura yentu."
"Don't suppose I came to do away with the Law and the Prophets. I did not come to do away with them, but to give them their full meaning.","“I daa dukii nan n baar ma n tan kpeen Yennu sennu nan u sɔkiniinba maan nee; n ki baar ma n tan kpeenn kaa, ŋaan n baar ma n sakir nan barmɔniie;"
"You know our ancestors were told, “Do not murder” and “A murderer must be brought to trial.”","“I poŋ gbat ki bi din yeen yaayoo ni niib a ‘Daa kpi nirɔ, kimaan wunba tan kpi nirɔ tan sii be barii ni barbudaar;’"
"But I promise you if you are angry with someone, you will have to stand trial. If you call someone a fool, you will be taken to court. And if you say that someone is worthless, you will be in danger of the fires of hell.","ŋaan min ŋanin beerie la, nan wunba dont wutoor u naa bik paak yann yann, ki li kaa paaki, u tan sii be barii ni barbudaar; ki wunba sukir u naa bik a ‘Bon-yann na,’ u tan sii be barii ni; ki wunba mun bia sukir u naa bik a ‘Bonjatir na,’ u tan sii be barii ni ki kɔɔ muu nba kan mi kpeen na ni."
"leave your gift there in front of the altar. Make peace with that person, then come back and offer your gift to God.","wun nyik u piinii maŋ leŋ, ŋaan ŋmat saan u naa bik na boor ki bin saa ŋamm bi barii ki gbenna, ki wun jen ki tan pi u piinii maŋ ki tur Yennu."
"Before you are dragged into court, make friends with the person who has accused you of doing wrong. If you don't, you will be handed over to the judge and then to the officer who will put you in jail.","“Fin nan sɔɔ-i mɔk maan, ki saa barii maŋ buut, fan ŋaan ki yin taan mɔyemmkɔɔ ki ŋamm i barii maŋ yoo nba ki i daa be sɔnu ni na; li-i kii tee nnai kaa, jɔɔ na sa jiia ki saan nana barbuurɔ boor ni, ki barbuurɔ na-n mun jiia ki teena dansarguutɔɔ nuu ni ki wun kɔɔna dansarik."
I promise you will not get out until you have paid the last cent you owe. Marriage,"Barmɔniie ki n beera na, a kan mi nyi leŋi, see ki a tan pa likirii kur nba ki bi jiiara, ki kobu kan tenni. Bonchonchonn toona po"
You have been taught that a man who divorces his wife must write out divorce papers for her.,"“Bi bia din yeen a ‘Wunba loon ki wun yêt u ŋaapoo, wun turɔ pooyêtu gbouŋ;’"
"You know our ancestors were told, “Don't use the Lord's name to make a promise unless you are going to keep it.”","“I poŋ bia gbia ki bi din yeen yaayoo ni niib a ‘I mi ki a por mɔpor nan faak, ŋaan li-i tee ki a por mɔpor Yennu sann ni, li ŋan ki a tun ki gbenn a mɔpor maŋ;’"
"When you make a promise, say only “Yes” or “No.” Anything else comes from the devil. Revenge (Luke","ŋaan ŋaant man ki i jiinu-ii tee, ‘Nn,’ amii ‘Aaii,’ kimaan li-i tee ki a por siar ki pukin linba na paak, li ji nyii Biitdaanɔ maŋe. Daa jiint leeb pana man (Luk"
"But I tell you not to try to get even with a person who has done something to you. When someone slaps your right cheek, turn and let that person slap your other cheek.","ŋaan min ŋanin beerie la, nan i daa jiint leeb pana; sɔɔ-i peb a tanpak a nuudiitu po kpianu, fan ŋmant a gaŋ po mun ki wun peb;"
"If someone sues you for your shirt, give up your coat as well.","sɔɔ-i yaa wun saan nana buut boor a wun gaar a soot, fan sak ki wun tont a chinchenn biak kii saa;"
"If a soldier forces you to carry his pack one kilometer, carry it two kilometers.","sɔɔ-i mia-a a jii u jikpiatir ki saan nann mar yennkɔɔ, fan jii ki saan nanɔ mar ŋannlee."
"When people ask you for something, give it to them. When they want to borrow money, lend it to them. Love (Luke","Wunba miara siar, fan turɔ; ki wunba mun bia loon ki a kpentɔ siar, fan kpentɔ ki daa miinɔ. Datai labaar (Luk"
"You have heard people say, “Love your neighbors and hate your enemies.”",“I poŋ bia gbia ki bi din yeen a ‘I loon a naa waas ŋaan kii nan a datai;’
Then you will be acting like your Father in heaven. He makes the sun rise on both good and bad people. And he sends rain for the ones who do right and for the ones who do wrong.,"Ŋanne sa te ki i set kii tee ti Baa Yennu nba be sanpaapo na waas, kimaan ŋɔɔe te ki yennu do nifobiit nan nifoŋamm paak, ki bia te ki saak baa nifobiit nan nifoŋamm doi ni."
"If you love only those people who love you, will God reward you for this? Even tax collectors love their friends.","Kimaan li-i tee ki i loon binba looni na kuukɔɔe, nyɔlantpoe ki i sa la Yennu boor ni? Li ki tee nna kaa ki nifobiit mun tuumii?"
"If you greet only your friends, what's so great about this? Don't even unbelievers do that?","Ki li-i tee ki i foont i naa waas kuukɔɔe, toonŋanlannpoe ki i tun ki gar leebi? Nna kaa ki binba ki waa Yennu sɔnu na mun tuumii?"
But you must always act like your Father in heaven.,"Li paak, yii be man fanu kaman nan i Baa Yennu nba be sanpaapo na nba be fanu biaŋinba na."
"When you do good deeds, don't try to show off. If you do, you won't get a reward from your Father in heaven.","“I daa tuun i toonŋana a niib-n la ki pakiini, kimaan i-i tuun nna, i kan la nyɔɔt i Baa Yennu nba be sanpaapo na boor ni."
"When you give to the poor, don't let anyone know about it.","Ŋaan li-i tee ki a yaa a pi talasdaanɔe, fan piu, ki daa te ki a yɔɔnimɔŋ gbaa mi li po."
"When you pray, don't be like those show-offs who love to stand up and pray in the synagogues and on the street corners. They do this just to look good. I can assure you that they already have their reward.","“Li-i tee ki a yaa a miar Yennu, fa daa tuun kaman nan kpinkpannii damm na nba tuun biaŋinba na, kimaan bi loon bii see Yenjiantu diit nie, nan sɔnpaataa nba be doi ni, kii mei Yennu a niib-ii laatib. Barmɔniie ki n beeri na, bi poŋ gaar bi nyɔɔta."
"When you pray, go into a room alone and close the door. Pray to your Father in private. He knows what is done in private and will reward you.","Ŋaan li-i tee ki a yaa a miar Yennue, fan kɔɔ a diiuk ni ki loon a gann, ŋaan miar a Baa Yennu nba be woonin ni maŋ, ki a Baa Yennu nba laat linba ki a tuun woonin ni na sa pa-a paanu ni."
"When you pray, don't talk on and on as people do who don't know God. They think God likes to hear long prayers.","“Li-i tee ki a mei Yennue, fa daa mantik mei mɔbona nba yab kaman nan boorganu nba mei biaŋinba na; bi dukii nan bi miaru bonchiann paake ki bi pata sa gbat."
Don't be like them. Your Father knows what you need even before you ask.,"I daa tee kaman nan ŋamm na, kimaan i Baa Yennu mɔŋ poŋ mi linba ki i loon ki i daa ki miarɔ."
"You should pray like this: Our Father in heaven, help us to honor your name.","Ya tuu sii mei Yennu biaŋinbae na: ‘Ti Baa Yennu nba be sanpaapo, ŋaant ki bii baakit a sann;"
"Come and set up your kingdom, so that everyone on earth will obey you, as you are obeyed in heaven.","ŋaant ki a naan-n baar; ŋaant ki a loomm-n tun tingbouŋ nna, kaman nan la tuun Yendɔuŋ ni biaŋinba na."
"If you forgive others for the wrongs they do to you, your Father in heaven will forgive you.","“Li-i tee ki i nyikit i leeb biit ki chabitibi, i Baa Yennu nba be sanpaapo na mun sa nyik ki chabiiwa;"
"But if you don't forgive others, your Father will not forgive your sins. Worshiping God by Going without Eating","ŋaan i-i kii nyikit chabit i leeb biiti, i Baa Yennu mun kan nyik chab i biiti. Mɔloru labaar"
"Instead, comb your hair and wash your face.","Li-i tee ki a lor mɔbie, fan yibir a numm po ki saat a yut fanu;"
"Then others won't know you are going without eating. But your Father sees what is done in private, and he will reward you. Treasures in Heaven (Luke","linba nee sa te ki leeb kan bann nan a lor mɔbi, ŋaan a Baa Yennu nba be woonin ni na kuukɔɔe sii mi; ki a Baa Yennu nba laat linba ki a tuun woonin ni ki teenɔ na sa pa-a paanu ni. Yendɔuŋ ni mɔkint labaar (Luk"
"But more than anything else, put God's work first and do what he wants. Then the other things will be yours as well.","Ŋaant man ki i baka-ii be Yennu naan ni nan yentinu ni labaar, ki u sa jii bona nba na kur ki turi."
Don't worry about tomorrow. It will take care of itself. You have enough to worry about today.,"Li paak, daa te ki wonn barii mukisiini, kimaan wonnee sa dukin u mɔŋ po; daar kur mɔk u fara ki li jaŋitɔe."
"Don't store up treasures on earth! Moths and rust can destroy them, and thieves can break in and steal them.","“Daa bɔrii a mɔkint tingbouŋ na ni, siaminba ki bonŋmiŋmabit nan tintanii sa biiri; ki nanyukib bia sa kɔɔ ki jami;"
"Instead, store up your treasures in heaven, where moths and rust cannot destroy them, and thieves cannot break in and steal them.","ŋaan bɔr a mɔkint Yendɔuŋ ni, siaminba ki bonŋmiŋmabit nan tintanii kan fit ki biiri, ki nanyukib bia kan fit kɔɔ ki jami;"
Your heart will always be where your treasure is. Light (Luke,"siaminba ki a mɔkint be na, a dudukit mun be leŋe. Gbanant yentu labaar (Luk"
"But when your eyes are bad, everything is dark. If the light inside you is dark, you surely are in the dark. Money (Luke","ŋaan a ninbina-i kii ŋani, a gbanant kur sii bɔne. Li paak, li-i tee ki yentu nba be a ni na tan bɔni, bunbɔnchiauŋ lannpoe na. Tingbouŋ na binbeŋ labaar (Luk"
You cannot be the slave of two masters! You will like one more than the other or be more loyal to one than the other. You cannot serve both God and money. Worry (Luke,"“Sɔɔ kan fit tun ki tur yomdamm bannlee; u sii nan yenɔ ŋaan kii loon lɔɔ; amii u sii nian yenɔe, ŋaan kii sian lɔɔ na. I kan fit waa Yennu nan likirii biaki."
"Don't worry and ask yourselves, “Will we have anything to eat? Will we have anything to drink? Will we have any clothes to wear?”","“Li paak, i daa te ki li mukisi ki i dukii a ‘N sa di bee?’ amii ‘N sa nyu bee?’ amii ‘N sa lia bee?’"
"I tell you not to worry about your life. Don't worry about having something to eat, drink, or wear. Isn't life more than food or clothing?","“Li paake te ki n beeri, i daa te ki li mukisi i binbeŋ po nan ya sa di linba amii ki nyu linba; ki bia daa te ki li mukisi i gbanant po nan ya sa lia linba. Manfoor ki gar jeetii? ki gbanant mun bia ki gar tiatii?"
Look at the birds in the sky! They don't plant or harvest. They don't even store grain in barns. Yet your Father in heaven takes care of them. Aren't you worth much more than birds?,"Gotir nɔɔnii nba yuuk ki lin na; bi ki buuri; bi bia ki jaan ki wuu suka nan naapaat ni, ŋaan ki i Baa Yennu nba be sanpaapo na dintib. I ki mɔk nyɔɔt ki gar nɔɔnii-ii?"
Why worry about clothes? Look how the wild flowers grow. They don't work hard to make their clothes.,"“Bee ki i mukis i mɔŋ liant paaki? Gotir man tipuuk nan li ŋant; ŋaan bi ki tuun ki luu bi mɔŋ puuku,"
But I tell you that Solomon with all his wealth wasn't as well clothed as one of them.,"ŋaan n beerie, Kpanbar Solomon nba lek din mɔk liantŋana biaŋinba, u din ki mi lia liant ki li ŋan kaman nan tipuut na gbaa."
"God gives such beauty to everything that grows in the fields, even though it is here today and thrown into a fire tomorrow. God will surely do even more for you! Why do you have such little faith?","Mɔɔt nba be dinna, ŋaan wonn ki bi joo muuwa na, Yennu nba faŋŋitir biaŋinba na, ki u kan gbabin yimmii? Yimm yadakanpɔɔna damm na!"
Only people who don't know God are always worrying about such things. Your Father in heaven knows you need all of these.,Binba ki mi Yennu na tuu mukis bi dudukit linba na kur paake; ŋaan i Baa Yennu nba be sanpaapo na set mi nan i loon linba na kura.
"Don't condemn others, and God won't condemn you.","“I daa bu nirɔ buuti, ki Yennu mun kan bu i buuti,"
God will be as hard on you as you are on others! He will treat you exactly as you treat them.,"kimaan ya bu leeb buut biaŋinba na, nnee ki Yennu mun tan sa bu i buut; ki biaŋinba ki i bikii ki teen i leeb na, nnee ki Yennu mun sa bikin ki turi."
"You can see the speck in your friend's eye, but you don't notice the log in your own eye.","Bee ki a gorii laat mɔɔnu nba be a lɔɔ ninbinn ni, ŋaan ki la jaantarik nba be a mɔŋ mɔŋ ninbinn ni na?"
"How can you say, “My friend, let me take the speck out of your eye,” when you don't see the log in your own eye?","Nlee ki a sa bet a lɔɔ a ‘Ŋaant ki n nyinn mɔɔnu nba be a ninbinn ni na,’ ŋaan ki jaantarike be a mɔŋ ninbinn ni."
"You're nothing but show-offs! First, take the log out of your own eye; then you can see how to take the speck out of your friend's eye.","Fin kpinkpannii daanɔ na, nyint jaantarik nba be a ninbinn ni na sinsinn, ki ji fit la fanu ki nyinn mɔɔnu nba be a lɔɔ ninbinn ni na."
"As bad as you are, you still know how to give good gifts to your children. But your heavenly Father is even more ready to give good things to people who ask.","Ki li-i tee ki yimm nba tee biitdamm na mi biaŋinba ki i sa tur i waas bonŋana, ki i Baa Yennu nba be sanpaapo na mantik sa tur binba meiɔ na bonŋana."
"Would any of you give your hungry child a stone, if the child asked for some bread?","Ki yimm baanba, i ŋmee ki u bik sa miarɔ jeet ki wun jii tann ki turɔ?"
"Ask, and you will receive. Search, and you will find. Knock, and the door will be opened for you.","“Miat Yennu man, ki u sa turi; lomin man, ki i sa lawa; kpaan gann man, ki u sa loot ki turi,"
Everyone who asks will receive. Everyone who searches will find. And the door will be opened for everyone who knocks.,"kimaan wunba kur mei Yennu gaane; ki wunba mun loon, u laate; ki wunba kpaan gann, ki bi lootir teenɔ."
Would you give your child a snake if the child asked for a fish?,Amii ŋmee ki u bik sa miarɔ jaŋ ki wun jii waauk ki turɔ?
Treat others as you want them to treat you. This is what the Law and the Prophets are all about. The Narrow Gate (Luke,"“Biaŋinba ki a loon sɔɔ-ii tuun kii teena na, i mun-ii tuun nna kii teen a leeb; kimaan Yennu sennu nan u sɔkiniinba wannu na ni want nnee. Tammɔyebik ni kɔɔnu labaar (Luk"
Anyone who hears and obeys these teachings of mine is like a wise person who built a house on solid rock.,"“Li paak, wunba kur gbia n maan na ki waa-r fanu, n sa nannɔ nan yandaansɔɔ nba din maa u ŋaak tanpiiuk paak nee;"
But the gate to life is very narrow. The road that leads there is so hard to follow that only a few people find it. A Tree and Its Fruit (Luke,"Ki manfoor tammɔb na ŋanin tee bonyebike, ki li sɔnu bia paar nan sommir; ki niib waaminne kɔɔ tammɔb maŋ ni. Tiik nan u lɔɔna (Luk"
"Watch out for false prophets! They dress up like sheep, but inside they are wolves who have come to attack you.","“I mi man faak sɔkiniinba na po, binba baat i boor ni ki naan nan pei na, ŋaan tee kinkata nan barmɔnii na."
You can tell what they are by what they do. No one picks grapes or figs from thornbushes.,Bi toona nie ki i sa bann ba tee binba; bi ki laat gaa kunkoŋ paak ki pɔɔ; ki bia ki laat kinkana pɔɔna paak ki pɔɔ.
"A good tree produces good fruit, and a bad tree produces bad fruit.",Ki tiŋaŋ kur mun loon lɔɔnŋanae; ki tibiiuk kur mun loon lɔɔnbiite.
"A good tree cannot produce bad fruit, and a bad tree cannot produce good fruit.",Tiŋaŋ kan lon lɔɔnbiiti; tibiiuk mun bia kan lon lɔɔnŋana.
Every tree producing bad fruit will be chopped down and burned.,"Tiik kur nba ki loon lɔɔnŋana, bi sa chɔɔre ki lur muu ni."
You can tell who the false prophets are by their deeds. A Warning (Luke,"Li paak, faak sɔkiniinba toona nie ki i sa bannib. Yennu naan ni kɔɔnu labaar (Luk"
Anyone who hears my teachings and doesn't obey them is like a foolish person who built a house on sand.,"“Wunba kur gbia n maan na, ŋaan yêt li weiu, n sa nannɔ nan jajatsɔɔ nba din maa u ŋaak tanbiinii nie;"
"Rain poured down, rivers flooded, and the winds blew and beat against that house. Finally, it fell with a crash.","ki saak tan baa, ki nyun gbee ki yat nan doo, ki wouŋ da, ki nyunpana koon ki liat ŋaak maŋ dikpina, ki li bet baa wamm, ho, baa biiuk jiakii!” Yisa Masia yikoo wannu po"
Not everyone who calls me their Lord will get into the kingdom of heaven. Only the ones who obey my Father in heaven will get in.,"“Li ki tee binba yin ‘N Yomdaanɔ, n Yomdaanɔ’ na kur kaa tan sa kɔɔ Yennu naan ni, see binba sak n Baa Yennu nba be sanpaapo na mɔb."
"On the day of judgment many will call me their Lord. They will say, “We preached in your name, and in your name we forced out demons and worked many miracles.”","Daar maŋ daar-i taŋŋi baari, niib bonchianne tan sii yin ki yeen a ‘Ti Yomdaanɔ, ti Yomdaanɔ, ti din ki sɔkint Yennu maan a sann ni-ii? A sann nie ki ti din nyint narinbiit niib ni, a sann nie ki ti bia tuun bakitnauŋ toonjaana.’"
"But I will tell them, “I will have nothing to do with you! Get out of my sight, you evil people!” Two Builders (Luke","Li yoo ki n mun tan sa jiin ki yetib a ‘N ki miini, yimm toonbiit damm na, seetir nna man!’ Tanmaara bannlee labaar (Luk"
"Rain poured down, rivers flooded, and winds beat against that house. But it was built on solid rock, and so it did not fall.","ki saak tan baa, ki nyun gbee ki yat nan doo, ki wouŋ da, ki nyunpana koon ki liat ŋaak maŋ dikpina, ŋaan ki li lek see ken ken ki ki baa, kimaan u din maar tanpiiuk paake."
"When Jesus finished speaking, the crowds were surprised at his teaching.","Yisa nba din pak mɔbona na ki gbenn yoonba, ki u wannu maŋ din bakit nibur na bonchiann,"
"He taught them like someone with authority, and not like their teachers of the Law of Moses.","kimaan u wannib kaman nan daanɔ nba yen yikoo nee, ki ki wannib kaman nan sennu wannteeb nba wantib biaŋinba na."
But the ones who should have been in the kingdom will be thrown out into the dark. They will cry and grit their teeth in pain.”,"ŋaan ki yimm nba tee naan maŋ ni niib na, bin jii-i ki lu-i nanyer po, bunbɔnn ni; leŋ maŋe ki i tan sii fabin mɔn ki junt i nyana.”"
That evening many people with demons in them were brought to Jesus. And with only a word he forced out the evil spirits and healed everyone who was sick.,"Li daar maŋ dajouk, ki bi din jii niib bonchiann nba ki narinbiit be bi ni na, ki baar namm Yisa boor ni; ki u lek pak mɔbonn ki nyinn narinbiit na; ki bia tur binba yiar na kura laafia."
"Suddenly a man with leprosy came and knelt in front of Jesus. He said, “Lord, you have the power to make me well, if only you wanted to.”","Ki gbaatsɔɔ baar ki tan gbaan u tɔɔnn ni ki yeen a “N Yomdaanɔ, a sa fit ki te ki n ŋaauk na-n gbenn. A kan sakii?”"
"Jesus put his hand on the man and said, “I want to! Now you are well.” At once the man's leprosy disappeared.",Ki Yisa tant u nuu ŋaan siiu ki yetɔ a “N saka. A ŋaauk maŋ-n gbenn!” Li taakpaak ni ki u ŋaauk na set gbenn.
"“I will go and heal him,” Jesus replied.",Ki Yisa betɔ a “N sa saan ki saa te wun paak.”
"When Jesus heard this, he was so surprised that he turned and said to the crowd following him, “I tell you in all of Israel I've never found anyone with this much faith!","Yisa nba din gbat linba na, ki li yaar ŋaan litɔ; ki u jiant got niib nba waa u poor po na ki betib a “Barmɔniie ki n beeri na, n daa ki mi la sɔɔ ki u teenin yada na booru yimm Israel teeb niwa gbaa."
"“Lord, my servant is at home in such terrible pain that he can't even move.”","“N Yomdaanɔ, n toontunsɔɔe yiar; u gbanant kpowa, ki li mukisɔ bonchiann, ki u dɔɔ diiuk ni.”"
"Many people will come from everywhere to enjoy the feast in the kingdom of heaven with Abraham, Isaac, and Jacob.","N beerie, niib bonchiann tan sa nyi yendo po nan yenbaa po, ki ŋamm nan Abraham, nan Aisak, nan Jakɔb tan sa lakin ki kar ki di jeet Yennu naan ni;"
"Then Jesus said to the officer, “You may go home now. Your faith has made it happen.” Right then his servant was healed. Jesus Heals Many People (Mark","Ki Yisa din ŋmant ki yet lanjimanba yudaanɔ maŋ a “I kun! Fa teen yada biaŋinba na, lin tun nnee ki tura.” Ki u toontunnɔ na set din paak li yoo na. Biaŋinba ki Yisa din te ki baatib bonchiann la laafia (Mak"
"Suddenly they shouted, “Jesus, Son of God, what do you want with us? Have you come to punish us before our time?”","Ki bi din yikin sanpaapowa ki yeen a “Fin Yennu Bija, timm nan fin, nlee mantiki? A baar nna a a tan dinnit fara-aa? ŋaan ki li yoo na daa ki baari.”"
"Everyone in town came out to meet Jesus. When they saw him, they begged him to leave their part of the country.","Ki doo na niib kura din bite ki saan ki saa took Yisa; ba din lau yoonba, ki bi piin ki barimɔ a wun nyi bi tiŋ ni."
"Jesus went to the home of Peter, where he found that Peter's mother-in-law was sick in bed with fever.","Tɔn, ki Yisa din saan kɔɔ Piita ŋaak ni ki la ki Piita dianpook dɔɔ yiar gbanantouŋ."
"He took her by the hand, and the fever left her. Then she got up and served Jesus a meal.","Ki Yisa sii u nuu; ki u gbanantouŋ na gbenn, ki u fiir ki teemm saauŋ."
"So God's promise came true, just as the prophet Isaiah had said, “He healed our diseases and made us well.” Some Who Wanted To Go with Jesus (Luke","Wa din tuun biaŋinba na, u tuun kaman nan Yennu sɔkinii Aisaya nba din pak na a “U mɔŋ mɔŋ gaar ti gbanantouŋ nan ti yiarbooru booru ki jii yaat.” Binba loon Yisa weiu labaar (Luk"
"A teacher of the Law of Moses came up to him and said, “Teacher, I'll go anywhere with you!”","Ki Yennu sennu wanntɔsɔɔ din baar ki tan yetɔ a “Wanntɔɔ, n sa weia siaminba kur po ki a saa.”"
"Another disciple said to Jesus, “Lord, let me wait till I bury my father.”","Tɔn, ki u poorpoweiteeb yenɔ mun tan yetɔ a “N Yomdaanɔ, ŋaant ki n saan ki saa pii n baa sinsinna.”"
"so the disciples went over to him and woke him up. They said, “Lord, wake up! Save us before we drown!”","Ki u poorpoweiteeb din baar ki fiinɔ, ki betɔ a “Ti Yomdaanɔ, tinntit, ki nyun sa dit.”"
"After Jesus left in a boat with his disciples,","Yisa nba din kɔɔ burgbetir ni yoonba, ki u poorpoweiteeb mun wei ki kɔɔ."
"a terrible storm suddenly struck the lake, and waves started splashing into their boat. Jesus was sound asleep,","Ki wounpaaruk din fikit ki da mɔkgbeŋŋir maŋ ni, ki nyunpana din pir ki kɔɔ burgbetir na ni ki tan yaa lin gbee; ŋaan ki Yisa dɔɔ ki gɔɔnt."
"The men in the boat were amazed and said, “Who is this? Even the wind and the waves obey him.” Two Men with Demons in Them (Mark","Ki li yaar ŋaan litib, ki bi ji boi bi leeb a “Nirɔ na tee niboor bee? ki wouŋ nan nyunpana saak u mɔb gbaa.” Yisa nba din tur jab bannlee nba ki narinbiit be bi ni na laafia (Mak"
"After Jesus had crossed the lake, he came to shore near the town of Gadara and started down the road. Two men with demons in them came to him from the tombs. They were so fierce that no one could travel that way.","Yisa nba din poot Galilee mɔkgbeŋŋir na, ki u kɔɔ Gerasa tiŋ ni. Ki jab bannlee, binba gbee nan narinbiit na din nyii kaat ni ki chetɔ; bi din mɔk jaŋmaanii hei, ki sɔɔ ki fit gaar ba be siami."
Not far from there a large herd of pigs was feeding.,"Tɔn, ki doorii bonchiann din see kpiŋ po nnawa, ki di, ki ki fɔk nammi."
"So the demons begged Jesus, “If you force us out, please send us into those pigs!”","Ki narinbiit maŋ din barin Yisa bonchiann ki yetɔ a “Li-i tee ki a nyinnitie, fan chabit ki tin saan ki saa kɔɔ doorii na ni.”"
"Jesus told them to go, and they went out of the men and into the pigs. All at once the pigs rushed down the steep bank into the lake and drowned.","Ki Yisa betib a “I saa man.” Ki bi nyii jab maŋ ni, ki saan ki saa kɔɔ doorii na ni; ki doorii na kur din tin birrr, ki sik jɔɔr na paak ki saa baa mɔkgbeŋŋir na ni ki dii nyun."
"The people taking care of the pigs ran to the town and told everything, especially what had happened to the two men.","Ki binba guu doorii maŋ fiir ki chiar ki saan doo ni, ki saa mɔɔnt linba kur teen maŋ, nan biaŋinba ki narinbiit nyii waatib na ni."
Jesus got into a boat and crossed back over to the town where he lived.,Ŋanne ki Yisa din ŋmat kɔɔ burgbetir na ni ki poot mɔkgbeŋŋir na gbingbanleer ki kun u doo ni.
"Jesus heard them and answered, “Healthy people don't need a doctor, but sick people do.","Ki Yisa din gbat bi pinpauk maŋ ki yetib a “Binba mɔk laafia ki loon tebtɔɔ; binba yiar, ŋamme loon tebtɔɔ."
"No one pours new wine into old wineskins. The wine would swell and burst the old skins. Then the wine would be lost, and the skins would be ruined. New wine must be put into new wineskins. Both the skins and the wine will then be safe. A Dying Girl and a Sick Woman (Mark","Sɔɔ bia kan sak liak dapaanin dalenkper ni; wunba tun nna, dapaanin na-i taŋŋi mɔ, li sa put dalenkper nee ki biir, ki daan-n mɔɔn; ŋaan bi tuu jii dapaanin ki liak linlenpaann nie, a li kura daa biiri.” Yudaansɔɔ bonpobik baatuk labaar (Mak"
News about this spread all over that part of the country. Jesus Heals Two Blind Men,Ki bi din mɔɔnt li labaar tingbouŋ maŋ ni kur po. Yisa nba din nyɔɔnt jɔɔnii bannlee ninbina biaŋinba
"Some teachers of the Law of Moses said to themselves, “Jesus must think he is God!”",Ki sennu wanntesiab ji din dukii bi para ni a “Jɔɔ na jikit Yennu yikoo na u yur paake.”
"But Jesus knew what was in their minds, and he said, “Why are you thinking such evil things?","Yisa ŋanin din bann bi dudukit maŋa, ki boib a “Bee teen ki i dukii dudukbiit i para ni?"
"But I will show you that the Son of Man has the right to forgive sins here on earth.” So Jesus said to the man, “Get up! Pick up your mat and go on home.”",N ji sa wanni nan min nisaarik Bik mɔk yikoo tingbouŋ na ni ki sa nyik chab niib bi biit;” ŋaan jiant bet jɔɔ nba ki u gbanant kpo na a “Fiit ki jii a liaŋ kii kun a ŋaak ni.”
The man got up and went home.,Ki jɔɔ maŋ fiir ki kun.
"Go and learn what the Scriptures mean when they say, ‘Instead of offering sacrifices to me, I want you to be merciful to others.’ I didn't come to invite good people to be my followers. I came to invite sinners.” People Ask about Going without Eating (Mark",Li sɔb Yennu gbouŋ ni a ‘Yennu loon ninbatinue ki gar marouŋ.’ I saa man ki saa tumii bann linba na paak. N ki baar a n yiin popeendamm kaa; ŋaan n baar a n yiin biitdamme a bin nyik bi biit.” Mɔloru labaar (Mak
"As Jesus was leaving that place, two blind men began following him and shouting, “Son of David, have pity on us!”","Yisa nba din nyii leŋ ki gaar saa tɔɔnn po na, ki jab nna bannlee din tee jɔɔnii ki waa u poorpo, ki yikin ki yeen a “Fin David yaaboonn, a tint ninbaauk.”"
"As Jesus and his disciples were on their way, some people brought to him a man who could not talk because a demon was in him.","Ba din fiir ki nyii yoonba, ki siab mun din baar nan jasɔɔ wunba ki narinbimuuk be u ni na, ki baar nanɔ Yisa boor ni."
"As Jesus was leaving, he saw a tax collector named Matthew sitting at the place for paying taxes. Jesus said to him, “Follow me.” Matthew got up and went with him.","Ki Yisa din nyii leŋ ki saa, ki saa la jasɔɔ nna, ki bi yiu Matiu, ki u kar u toonn paak lampogaar diiuk ni; ki Yisa betɔ a “Fiit kii waan.” Ki u fiir ki waau."
"Later, Jesus and his disciples were having dinner at Matthew's house. Many tax collectors and other sinners were also there.","Yisa nba din saan Matiu na ŋaak ki saa kar ki di jeet yoonba na, ki lampogaarteeb nan biitdamm bonchiann din kɔɔ ki tan kar pukin Yisa nan u poorpoweiteeb po ki di namm."
"Some Pharisees asked Jesus' disciples, “Why does your teacher eat with tax collectors and other sinners?”","Farisiinba na nba din la nna maŋ, ki bi boi u poorpoweiteeb na a “Bee ki i wanntɔɔ maŋ di jeet nan lampogaarteeb nan biitdammi?”"
"While Jesus was still speaking, an official came and knelt in front of him. The man said, “My daughter has just now died! Please come and place your hand on her. Then she will live again.”","Yisa nba din daa piak ki teemm yoonba na, ki yudaansɔɔ nna baar ki tan gbaan u tɔɔnn po, ki yetɔ a “N bipoyemmire dɔɔ ki kpowa; li paak, baat na ki tan jii a nuu ki yii u paak, ki u sa la manfoor.”"
"Jesus turned. He saw the woman and said, “Don't worry! You are now healed because of your faith.” At that moment she was healed.","Ki Yisa din jiant ki la poo na, ki betɔ a “N niipoo, i mɔk parcheenn. Fa teenin yada na paake te ki a la laafia.” Li taakpaak ni, ki u set la laafiawa. Yisa nba fiin bonpobik na kuun ni biaŋinba (Mak"
"After Jesus had forced the demon out, the man started talking. The crowds were so amazed they began saying, “Nothing like this has ever happened in Israel!”","Ki Yisa din nyinn narinbimuuk na jɔɔ na ni, ki u ji fit piin ki piak li yoo. Li din yaar ŋaan lit niburchiauŋ maŋ, ki bi ji yeen a “Ti daa ki mi la bonbooru na timm Israel teeb tiŋ nna.”"
"Some followers of John the Baptist came and asked Jesus, “Why do we and the Pharisees often go without eating, while your disciples never do?”",Ki Jɔɔnn wunba din wuur niib Yennu nyunwuru na poorpoweiteeb din tan baar Yisa boor ni ki boiɔ a “Timm nan Farisiinba lorin mɔi yoo kura; bee teen ki a poorpoweiteeb ki lorimi?”
Jesus answered: The friends of a bridegroom aren't sad while he is still with them. But the time will come when he will be taken from them. Then they will go without eating.,"Ki Yisa din jiin ki boib a “Poochianu-i be, saamm sii mɔk parbiir yoo nba ki pooyookir sɔrɔ daa be bi boor ni nawa-aa? Aaii. Ŋaan yoo baat na, ki bi tan sa nyinn pooyookir sɔrɔ na bi boor; li yooe ki bi sa lor mɔi."
No one uses a new piece of cloth to patch old clothes. The patch would shrink and tear a bigger hole.,"“Sɔɔ kan jii chabpaann ki lik takperi; li-i tee ki u teen nnaie, chabpaann na sa pat takper nae, ki li patimin na sa ŋamm pukin."
"She had said to herself, “If I can just touch his clothes, I will be healed.”","kimaan u poŋ din dukin u par niewa a “Mi-i lekii sii u liatir gbaa, n sa la laafia.”"
A woman who had been bleeding for twelve years came up behind Jesus and barely touched his clothes.,"Poosɔɔ nna mun din be leŋ, ki siik faboŋ ki tan jaŋ bina piik nan ŋannlee; ki u din tan bar lint Yisa poorpo ki saa sii u liatir mɔgbann;"
"When Jesus went into the home of the official and saw the musicians and the crowd of mourners,","Yisa nba din saa baar yudaanɔ maŋ ŋaak ni yoonba, ki u la yerpebira peeb yerii, ki niburchiauŋ bia bui kpemɔnii ki fabin."
"he said, “Get out of here! The little girl isn't dead. She is just asleep.” Everyone started laughing at Jesus.","Ki u betib a “Yii nyi man; bonpobik na ki kpo kaa, ŋaan u gɔɔnte.” Ŋaan ki bi laau."
"But after the crowd had been sent out of the house, Jesus went to the girl's bedside. He took her by the hand and helped her up.","Ŋanne ki bi ber niib maŋ ki nyinnib; li yoo na ki Yisa kɔɔ ki soor bonpobik na nuu, ki u yeent ki fiir."
"After Jesus had gone indoors, the two blind men came up to him. He asked them, “Do you believe I can make you well?” “Yes, Lord,” they answered.","Yisa nba din saan ki saa kɔɔ ŋasiak nna ni yoonba, ki jɔɔnii na baar ki kɔɔ leŋ. Ŋanne ki u boib a “I teen yada nan n sa fit ki tun nna-aa?” Ki bi jiin a “Ti Yomdaanɔ, nn.”"
"Jesus touched their eyes and said, “Because of your faith, you will be healed.”","Ŋanne ki u jii u nuu ki sii bi ninbina, ŋaan betib a “Ya teen yada biaŋinba na, lin tun nnee ki turi.”"
"They were able to see, and Jesus strictly warned them not to tell anyone about him.",Ki bi ninbina maŋ nyɔɔnt; ŋaan ki u din kpaamm fanu a bii mi ki bin bet sɔɔ li po.
But they left and talked about him to everyone in that part of the country. Jesus Heals a Man Who Could Not Talk,Ŋaan ki bi din nyii ki saa mɔɔnt u labaar tiŋ maŋ ni kura. Biaŋinba ki Yisa din te ki muuk paak
