ref,text,translated,source_zip_file,similarity_score
I command them to shine on the earth.” And that's what happened.,"ni ame̱tšṍmo̱ kanei ye̱ ṅwei atatu le̱ mli, ní ame̱tšo ye̱ šikpoṅ le̱ no̱. Ni efe nakai.","When you are going somewhere and you meet an elder on the way, you should greet him. That is respect.",output_proprietary-1,0.07421875
"and the man exclaimed, “Here is someone like me! She is part of my body, my own flesh and bones. She came from me, a man. So I will name her Woman!”","Ni Adam kē̱: Agbe̱ne̱ ene̱ dši wu ni dše̱ miwui le̱ amli ke̱ lō ní dše̱ mihelo le̱ mli; aatšé̱ mone̱ yō, edšake̱ nū mli adšiele̱ ke̱-dše̱.","And Adam said: This is now bone of my bones, and flesh of my flesh: she shall be called Woman, because she was taken out of Man.",output_proprietary-1,0.7861328125
"Although the man and his wife were both naked, they were not ashamed.","Ni ame̱yi enyo̱ le̱ fẽ ame̱nyie ya-yai, nū le̱ ke̱ eṅã le̱, ni ame̱hĩe gboo he.","If a person does something good to you, you should remember it, and repay that person fully.",output_proprietary-1,0.0230255126953125
"The Lord God called out to the man and asked, “Where are you?”",Ni Iehowa Nyoṅmo̱ tšé̱ Adam ni ekē̱le̱ ake̱: Nẽgbe̱ oyo̱?,Then the Lord God called to Adam and said to him: Where are you?,output_proprietary-1,0.72900390625
"You and this woman will hate each other; your descendants and hers will always be enemies. One of hers will strike you on the head, and you will strike him on the heel.”","Ni mike̱ nyē̱ aaṅmẽ oke̱ yō le̱ teṅ, ke̱ oseši ke̱ *eseši teṅ; †eetſa oyitšo nõ, ni **bo hũ ootſa enanetšitši nõ. *Gal.","For as many as are of the works of the law are under the curse: for it is written, Cursed is every one that continueth not in all things which are written in the book of the law to do them.",output_proprietary-1,0.41796875
but not with Cain and his offering. This made Cain so angry that he could not hide his feelings.,"ši Kain ke̱ efo̱le le̱, ehĩe eso̱o̱ no. Ni Kain mli wo la naakpa, ni etũ ehĩe.","When Cain brought his offering, it was not accepted. Cain became very angry, and his face fell.",output_proprietary-1,0.7392578125
"Then the Lord said: Why have you done this terrible thing? You killed your own brother, and his blood flowed onto the ground. Now his blood is calling out for me to punish you.",Ni ekē̱: Meni ofe nē̱? Onyemi le̱ *lá gbē mīblo̱ mītšé̱mi ke̱-mīdše̱ šikpoṅ sũ le̱ mli! *Mat.,He said: What is this? Why is it that *you are always complaining about the food we eat here! *Matthew.,output_proprietary-1,0.343505859375
"A hundred fifty days later, the water started going down.","Ni nni le̱ damo̱ šikpoṅ le̱ no̱, gbĩĩ oha ke̱ nyoṅmai-enumo̱.","When you see a mad person naked, you don't laugh at them.",output_proprietary-1,0.03778076171875
I promise every living creature that the earth and those living on it will never again be destroyed by a flood.,"Ni mahã mikpãṅmo̱ ní mike̱nye ekpãṅ le̱ amã ši, ni nu afua le̱ ebaplenẽṅ helo fẽ doṅṅ, ni asaṅ nu afua ko ebakpãtãṅ šikpoṅ le̱ hĩe gbĩkogbĩko.","When a person becomes an adult and gets married, they should have their own house to live in, and also have their own farm to work on regularly.",output_proprietary-1,0.0477294921875
The rainbow that I have put in the sky will be my sign to you and to every living creature on earth. It will remind you that I will keep this promise forever.,"Miṅõ mikwãbue̱te̱ mito atatui le̱ amli, ni efe kpāṅmo̱ ni yo̱ mike̱ šikpoṅ le̱ teṅ le̱ he okadi.","We should not forget our culture and language, so that we can teach our children in the land where we live.",output_proprietary-1,0.11383056640625
"Shem and Japheth put a robe over their shoulders and walked backwards into the tent. Without looking at their father, they placed it over his body.","Ši Šem ke̱ Iafet ko̱ mama ni ame̱ṅõ-fõ ame̱yi enyo̱ le̱ fẽ ame̱kõdši ano̱, ni ame̱nyie se̱se̱, ni ame̱te ni ame̱ke̱-yaha ame̱tše̱ yayaiaṅ; ši ame̱tšṍmo̱ ame̱hĩeaṅ ame̱hã se̱gbe̱, ni ame̱naa ame̱tše̱ yayaiaṅ.","Shem, Ham, and Japheth took a garment and laid it upon both their shoulders, and walked backward and covered their father's nakedness; and their faces were turned away, and they did not see their father's nakedness.",output_proprietary-1,0.783203125
"Japheth's descendants had their own languages, tribes, and land. They were Gomer, Magog, Madai, Javan, Tubal, Meshech, and Tiras. Gomer was the ancestor of Ashkenaz, Riphath, and Togarmah. Javan was the ancestor of Elishah, Tarshish, Kittim, and Dodanim, who settled along the coast. The Descendants of Ham","Mene̱mei amli mei dše̱ ſã dšeṅmādši le̱ aṅšo̱kpo̱i le̱ ano̱, ye̱ ame̱šikpõdši le̱ ano̱, mofẽmo ke̱ ewiemo̱, ye̱ ame̱kutšei ke̱ ame̱dšeṅmādši le̱ anā. Zak.",And you shall love the Lord your God with all your heart and with all your soul and with all your mind and with all your strength.,output_proprietary-1,0.11505126953125
This completes the list of Noah's descendants. After the flood their descendants became nations and spread all over the world.,Mene̱mei dši Noa bii le̱ awekui ye̱ ame̱sešibii le̱ anã ye̱ ame̱mãdši le̱ amli; ni mene̱mei amli dšeṅmãdši le̱ dše̱ fã šikpoṅ le̱ ṅo̱ ye̱ nu afua le̱ se̱.,And Noah built an altar to the LORD and took some of every clean animal and some of every clean bird and offered burnt offerings on the altar.,output_proprietary-1,0.445556640625
"Two years after the flood, when Shem was","Ni beni Šem fo̱ Arpakšad se̱ le̱, eye afii ohai-enumo̱, ni efo̱ bihĩĩ ke̱ biyei.","When Shem was one hundred years old, he became the father of Arphaxad, two years after the flood.",output_proprietary-1,0.728515625
Peleg had more children and died at the age of,"Ni beni Peleg fo̱ Reu se̱ le̱, eye afii ohai-enyo̱ ke̱ ne̱hũ, ni efo̱ bihĩĩ ke̱ biyei.","When Peleg was thirty years old, he gave birth to Reu, and after that he lived two hundred and nine years, and he had other sons and daughters.",output_proprietary-1,0.771484375
Reu had more children and died at the age of,"Ni heni Reu fo̱ Serug se̱ le̱, eye afii ohai-enyo̱ ke̱ kpawo, ni efo̱ bihĩĩ ke̱ biyei.","When Reu had lived thirty years, he became the father of Serug, and he had other sons and daughters.",output_proprietary-1,0.7353515625
"The king was good to Abram because of Sarai, and Abram was given sheep, cattle, donkeys, slaves, and camels.","Ni ehĩe Abram dšogbāṅ ye̱ ehewo̱, ni ená tōi ke̱ tšinai ke̱ tedšihĩĩ ke̱ we-hĩĩ ke̱ weyei ke̱ tedšiyei ke̱ yomai.","And Abram was very rich in cattle, in silver, in gold, in male servants, in female servants, in camels, and in donkeys.",output_proprietary-1,0.73291015625
"Abram took down his tents and went to live near the sacred trees of Mamre at Hebron, where he built an altar in honor of the Lord.","Ke̱ke̱ ni Abram fā ebū le̱ ni eba ebahī Mamre tšei kutū ni yo̱ Hebron le̱ ašiši, ni emā afo̱lešàlate̱ ye̱ dše̱i ehã Iehowa.","Then Abram moved his tent and went and settled by the oaks of Mamre, which are at Hebron, and there he built an altar to the Lord.",output_proprietary-1,0.87890625
Abram answered: The Lord God Most High made the heavens and the earth. And I have promised him,"Ni Abram kē̱ Sodom maṅtše̱ le̱ ake̱: Mīwó minine no̱ mītšõ Iehowa ṅwei flōflo Nyoṅmo̱ ni dši ṅwei ke̱ šikpoṅ tše̱ le̱,","Then Abram said to the king of Sodom: I have lifted up my hand to the LORD, the Most High God, possessor of heaven and earth,",output_proprietary-1,0.599609375
"Hagar thought, “Have I really seen God and lived to tell about it?” So from then on she called him, “The God Who Sees Me.”",Ni etšē̱ Iehowa ni ke̱le̱ wie le̱ gbe̱i ake̱: Bo dši Mawu ni naämi! Edšake̱ ekē̱: Ani bie̱ ne̱ hũ mikwe̱ moni naämi le̱ yi se̱ lo?,They say to Jehovah and to those who despise him: God has said peace! And they say: What harm will come to us who walk in the stubbornness of our hearts?,output_proprietary-1,0.255859375
"Abraham, you and all future members of your family must promise to obey me.","Ni Nyoṅmo̱ sā kē̱ Abraham ake̱: Ši bo hũ, ye mikpãṅmo̱ le̱ no̱, bo ke̱ osešibii ni aaba ye̱ ose̱ le̱ ye̱ ame̱yino̱i le̱ amli.","And God said to Abraham: As for you, you shall keep my covenant, you and your offspring after you throughout their generations.",output_proprietary-1,0.73779296875
"Abraham, from now on your wife's name will be Sarah instead of Sarai.","Ni Nyoṅmo̱ sã kē̱ Abraham ake̱: Oṅã Sarai le̱, kātšé̱ egbe̱i ake̱ Sarai doṅṅ, ši Sara dši egbe̱i.","And God said to Abraham: As for your wife Sarai, you shall not call her Sarai, but Sarah shall be her name.",output_proprietary-1,0.83251953125
"That night they got their father drunk, and the older daughter got in bed with him, but he was too drunk even to know she was there.","Ni ame̱hã ame̱tše̱ wein enu nakai nyō le̱ṅ; ni onukpa le̱ yiṅ te, ni eke̱ etše̱ yawo̱; ni elee ešikãmo̱ mli lo ešitē mli.","And you shall not eat any blood, whether of fowl or of beast, in any of your dwellings.",output_proprietary-1,0.11004638671875
"But God came to Abimelech in a dream and said, “You have taken a married woman into your home, and for this you will die!”","Ni Nyoṅmo̱ ba Abimelek ṅõ nyōṅ ye̱ lamõ mli, ni ekē̱le̱ ake̱: Na, obagbo ye̱ yō le̱ ní oṅõ le̱ hewo̱, edšake̱ nū ṅã dšile̱.","And God came to Abimelech in a dream by night, and said to him: Behold, you are a dead man because of the woman you have taken, for she is a married woman.",output_proprietary-1,0.91552734375
and told Abraham he could settle anywhere in his country.,"Ni Abimelek kē̱: Na, mišikpoṅ le̱ kã ohĩe ne̱; hĩ heni osumoo̱.","And Abimelech said: Behold, my land is before you; dwell where it pleases you.",output_proprietary-1,0.58642578125
"but the son of the slave woman is also your son, and I will make his descendants into a great nation.”","Ni tšũlo̱yō le̱ bi le̱ hũ, *mahã etšṍ dšeṅmaṅ, edšake̱ oseši dšile̱. *","When the rainy season comes, the grass grows green, and the trees sprout leaves.",output_proprietary-1,0.08575439453125
"Then God let her see a well. So she went to the well and filled the skin with water, then gave some to her son.","Ni Nyoṅmo̱ gble ehĩṅme̱ii, ni ena nubu ko; ni eyiṅ ete, ni eyaye̱ nu ewo woloto̱ le̱ obõ, ni eṅõ-hã oblanyo le̱ enu.","When God created man, he made him in his own image; he created them male and female, and he blessed them and called them man.",output_proprietary-1,0.36376953125
"Now I want you to promise in the name of God that you will always be loyal to me and my descendants, just as I have always been loyal to you in this land where you have lived as a foreigner.”","Nohewo̱ le̱ agbe̱ne̱ kã Nyoṅmo̱ kitã otšõmi ye̱ bie̱ ne̱, ake̱ oyeṅmi lo mibii ke̱ miho̱i akũtũmpo̱o; ši edšũrõ bo̱ni *mifeo le̱, nakai ooṅō-femi ke̱ šikpoṅ ni obato gbo̱ ye̱ no̱ ne̱. *","Therefore, whatever God has joined together, let no one separate; but it seems that in our time, many people do not respect or honor marriage as they should.",output_proprietary-1,0.34228515625
"Abraham gave Abimelech some sheep and cattle, then the two men made a peace treaty.","Ke̱ke̱ ni Abraham ṅõ tōi ke̱ tšinai ebã Abimelek, ni ame̱yi enyo̱ le̱ fẽ ame̱kpãṅ.",And Abraham lived in the land of the Philistines for a long time.,output_proprietary-1,0.49462890625
Abraham planted a tamarisk tree in Beersheba and worshiped the eternal Lord God.,"Ni Abraham te̱o tamarisketšo ye̱ Beeršeba, ni *etšé̱ Iehowa, †nāno̱ Mawu le̱, gbe̱i ye̱ dše̱i. *","And Abraham planted a tamarisk tree in Beersheba, and called there on the name of the LORD, the everlasting God.",output_proprietary-1,0.91015625
"Abraham named that place “The Lord Will Provide.” And even now people say, “On the mountain of the Lord it will be provided.”",Ni Abraham wo dše̱i gbe̱i: Iehowa aakwe̱. Nohewo̱ le̱ ake̱o̱ ke̱ ṅme̱ne̱ fẽ ake̱: Iehowa goṅ le̱ no̱ aakwe̱ ye̱.,And Abraham called the name of that place: Jehovah will provide. Therefore it is said to this day: In the mount of Jehovah it shall be provided.,output_proprietary-1,0.869140625
"But the servant asked, “What if the young woman I choose refuses to leave home and come here with me? Should I send Isaac there to look for a wife?”","Ni tšũlo̱ le̱ kē̱le̱ ake̱: Ekole̱ yō le̱ ebakplẽṅ mise̱ nyiemo̱ ke̱ šikpoṅ ne̱ no̱ bã, bĕle̱ mike̱ obi le̱ akũ se̱ aya šikpoṅ no̱ heni odše̱ oba le̱ lo?","The question they asked him was: Is it lawful for us to pay taxes to Caesar or not, or should we refuse to pay them?",output_proprietary-1,0.334716796875
"Sarah, my master's wife, didn't have any children until she was very old. Then she had a son, and my master has given him everything.",Ni minuṅtšo̱ ṅã Sara le̱ ke̱ minuṅtšo̱ efo̱ binū ye̱ egbo̱le̱ se̱ ne̱; ni le̱ eṅõ enii fẽ ni eyo̱ le̱ ehã.,And the months that Sarah lived were a hundred and twenty-seven years; these were the years of Sarah's life.,output_proprietary-1,0.361083984375
"I asked her who her father was, and she answered, “My father is Bethuel the son of Nahor and Milcah.” At once I put the ring in her nose and the bracelets on her arms.","Ni mibile̱ ake̱: Namo bi dšio? Ni ekē̱: Betuel, Nahor bi ni eke̱ Milka fo̱ le̱, bi dšimi. Ni miṅõ ga le̱ miwo egugõṅ, ni miṅõ ninešigai le̱ miwo enine;","And they asked her: Whose daughter are you? And she said: Betuel, the son of Nahor whom Milka bore to him, is my father. And I gave him a nose ring, and I gave bracelets for her hands;",output_proprietary-1,0.77978515625
"Laban and Bethuel answered, “The Lord has done this. We have no choice in the matter.",Ke̱ke̱ ni Laban ke̱ Betuel here no̱ ni ame̱kē̱: Iehowa ṅõ sane nē̱ dše̱; wo̱nyẽṅ wo̱ke̱o awie efõṅ lo ekpakpa.,Then Laban and Bethuel answered and said: This thing comes from the Lord; we cannot speak to you bad or good.,output_proprietary-1,0.6171875
The servant told Isaac everything that had happened.,Ni tšũlo̱ le̱ gba Isak sãdši fẽ ní eyaye le̱.,And the well that Isaac dug is there until today.,output_proprietary-1,0.301513671875
"Midian also had five sons: Ephah, Epher, Hanoch, Abida, and Eldaah.",Ni Midian bii dši Efa ke̱ Efer ke̱ Hanok ke̱ Abida ke̱ Eldaa. Mene̱mei fẽ le̱ Ketura bii ni.,"The sons of Midian were Ephah, Epher, Hanoch, Abida, and Eldaah. All these were the children of Keturah.",output_proprietary-1,0.890625
"Rebekah had been listening, and as soon as Esau left to go hunting,","Ni Rebeka nu, beni Isak ke̱ ebi Esau wieo̱ le̱. Ni Esau yiṅ ete ṅã le̱ṅ eyatao mĩle̱lo ke̱-ba.","Now Rebekah also, when Isaac and his son Esau were old. And Esau was a man who loved hunting very much.",output_proprietary-1,0.6767578125
"“My brother Esau is a hairy man,” Jacob reminded her. “And I am not.","Ni Iakob kē̱ enye Rebeka ake̱: Na, minyemi *Esau le̱, tšo̱iatše̱ dšile̱, ni mi le̱, mihe ye̱ trotro. *","And Jacob said to his mother Rebekah: Behold, my brother Esau is a hairy man, and I am a smooth man.",output_proprietary-1,0.81787109375
She also covered the smooth part of his hands and neck with goatskins,"ni eṅõ tōbii le̱ ahe wodši le̱ ewo enidši ke̱ ekue̱, hei ní ye̱ trotro le̱;","when you board a vehicle or any means of transport to go somewhere, you call it trotro;",output_proprietary-1,-0.0379638671875
"Esau cried out in great distress, “Father, give me a blessing too!”","Ni beni Esau nu etše̱ wiemo̱i le̱, ebo wā dientše̱ ke̱ aw̌ere̱hō babaō, ni ekē̱ etše̱ ake̱: Mi hũ, dšō̱mo̱mi eko, mitše̱! Heb.","And Esau said to his father, Have you only one blessing, my father? Bless me, even me also, O my father!",output_proprietary-1,0.8408203125
"So his father said: “Your home will be far from that fertile land, where dew comes down from the heavens.","Ni etše̱ Isak to he, ni ekē̱le̱ ake̱: Na, heni šikpoṅ fo̱ be̱ oohĩ ke̱ heni ṅwei bō̱ hũ be̱;","And Isaac answered and said to them: Behold, I have made him your master and all his brethren have I given to him as servants;",output_proprietary-1,0.27685546875
"When Rebekah found out what Esau planned to do, she sent for Jacob and told him, “Son, your brother Esau is just waiting for a chance to kill you.","Ni abagba Rebeka ebi nukpa Esau wiemo̱i ne̱; ni etšũ ayatšé̱ Iakob, ebi gbekẽ le̱, ke̱-ba, ni ekē̱le̱ ake̱: Na, onyemi Esau bato̱ ehe owele ye̱ ono̱ ni egbeo.","When Rebekah heard Esau her firstborn son's words; she called Jacob, her younger son, and said to him: Behold, your brother Esau is comforting himself concerning you that he will kill you.",output_proprietary-1,0.91748046875
"and forgets what you have done to him, I'll send for you to come home. Why should I lose both of my sons on the same day?”","ke̱-yaši beyino̱ ni onyemi le̱ mlifũ ní enáo le̱ aadše emli, ni ehĩe aakpa noni ofele̱ le̱ no̱, koni matšũ ni abaṅõo ke̱-dše̱ dše̱i ke̱-ba; mẽba nyeyi enyo̱ le̱ fẽ nyeaṅmẽmi gbī kome?","when a man marries a woman and lives with her, but then dislikes her because he finds something indecent about her, and he writes her a certificate of divorce and sends her away from his house; is it not written in your law about this matter?",output_proprietary-1,0.2218017578125
Jacob left the town of Beersheba and started out for Haran.,Ni Iakob dše̱ Beeršeba ēya Haran.,And Jacob left Beersheba and went to Haran.,output_proprietary-1,0.8203125
"This rock will be your house, and I will give back to you a tenth of everything you give me.”","ni ne̱ke̱ te̱ ni miṅṍ-mã ši mito okadi ne̱ *aatšṍ Nyoṅmo̱ we; ni nibii fẽ ni oohãmi le̱, maṅõ mlidšāi nyoṅma mli ekome mahão. *","and if you do not know what to do, ask God; and whatever he tells you, do it with all your heart.",output_proprietary-1,0.1573486328125
"he looked out in a field and saw a well where shepherds took their sheep for water. Three flocks of sheep were lying around the well, which was covered with a large rock.","Ni ekwe̱, ni na, nubu ko ye̱ ṅã le̱ no̱, ni na, tōkui etẽ dſehe he ye̱ dše̱i; edšake̱ nakai bu le̱ mli nu le̱ aye̱e̱ ahãa tōi le̱ nuo̱; ni te̱ kpeteṅkple kã bu le̱ nā","And they said, if we find favor in your sight, let this land be given to your servants for a possession; do not make us cross over the Jordan.",output_proprietary-1,0.270263671875
"Finally, God remembered Rachel—he answered her prayer by giving her a son. “God has taken away my disgrace,” she said.","Ni ená mũsũ, ni efo̱ binū, ni ekē̱: Nyoṅmo̱ edšie *mihĩegbĕle le̱; Ies.","And he went out, and began to publish it much, and to blaze abroad the matter, insomuch that Jesus could no more openly enter into the city, but was without in desert places: and they came to him from every quarter.",output_proprietary-1,0.328857421875
"You know how hard I've worked for you, so let me take my wives and children and leave.”","Oke̱ miṅãmei ke̱ mibii ni *misúmo̱o ye̱ ame̱hewo̱ le̱ ahāmi, ni maya; ši bo-dientše̱ ole bo̱ni misúmo̱o mihã. *","And they said to him, ""We have here only five loaves and two fish""; but he said, ""Bring them to me.""",output_proprietary-1,0.3095703125
and said: Look what you've done! You've tricked me and run off with my daughters like a kidnapper.,"Ni Laban kē̱ Iakob ake̱: Meni ofe ne̱, ake̱ odšu mitšui ni olō mibiyei le̱ ke̱-mĩya take̱ mei ní aṅõame̱ nom ye̱ klante nā ne̱?","Then Laban said to Jacob: What have you done, that you have deceived me and carried away my daughters like captives taken with the sword?",output_proprietary-1,0.3720703125
Jacob became very angry and said to Laban: What have I done wrong? Have I committed some crime? Is that why you hunted me down?,"Ni Iakob mli wo la, ni eke̱ Laban bé. Ni Iakob here no̱ ni ekē̱ Laban ake̱: Mẽ tõ mitõ, ni mẽ eša hũ mife, ni ohĩe edo̱ ke̱-nyie mise̱ ne̱ke̱ ne̱?","When Jacob heard this, he was angry with Laban. And Jacob answered and said to Laban: What is my trespass, and what is my sin, that you have so hotly pursued after me?",output_proprietary-1,0.86767578125
"After Jacob had set up a large rock,",Ni Iakob wó te̱ emā ši eṅõ-to *okadi.,And Jacob also went on his way.,output_proprietary-1,0.501953125
Jacob also told the men in charge of the second and third herds and those who followed to say the same thing when they met Esau.,"no le̱ okē̱ ake̱: Otšũlo̱ Iakob nikẽnii ní etšũ ake̱ ake̱-bake minuṅtšo̱ Esau ni; ni na, le̱ hũ enyie wo̱se̱.","And he said to him: My lord knows that the children are tender, and the flocks and herds with young are with me; and if men should overdrive them one day, all the flock will die.",output_proprietary-1,0.373046875
"But we will let you marry her, if you and the other men in your tribe agree to be circumcised.","Ši gbe̱ no̱ ni wo̱o̱kplẽnye ke̱ke̱ ne̱: ke̱dši nyeatšṍmo̱ tamo̱wo̱, ni aaflo̱ nyeteṅ hĩĩ fẽ ketia le̱.","This day is very important because: when a person dies, they will be buried in their hometown.",output_proprietary-1,0.0552978515625
including Hamor and Shechem. Then they took Dinah and left.,"ni ame̱gbe Hamor ke̱ ebi Šekem hũ ye̱ klante nā, ni ame̱yaṅõ Dina ye̱ Šekem we le̱, ni ame̱yiṅ ame̱te.","and the father Hamor and his son Shechem they killed with the sword, and they took Dinah from Shechem's house, and they left.",output_proprietary-1,0.76025390625
"Jacob built an altar there and called it “God of Bethel,” because that was the place where God had appeared to him when he was running from Esau.","Ni emã *afo̱lešãlate̱ ye̱ dše̱i, ni etšē̱ dše̱i El-Betel, edšake̱ dše̱i Nyoṅmo̱ dšie ebe ši etšõle̱ ye̱, beni edšo foi ye̱ enyemi le̱ hĩe le̱. *","And build there an altar, and call the place El-Bethel, because there God appeared unto thee, when thou fleddest from the face of thy brother.",output_proprietary-1,0.7138671875
"Jacob, also known as Israel, traveled to the south of Eder Tower, where he set up camp.",Ni Israel ṅõ-ſie no̱ ni eyaši ebū le̱ ye̱ *Eder mõ le̱ se̱ghe̱. *Mika,The Israelites moved on and pitched their tent beyond *Eder. *Micah,output_proprietary-1,0.5849609375
"Dishon's sons were Hemdan, Eshban, Ithran, and Cheran.",Ni Dišon bii ne̱: Hemdan ke̱ Ešban ke̱ Itran ke̱ Keran.,The sons of Dishon were: Hemdan and Eshban and Ithran and Keran.,output_proprietary-1,0.9228515625
"We were out in the field, tying up bundles of wheat. Suddenly my bundle stood up, and your bundles gathered around and bowed down to it.”","Ši na, wo̱mĩfĩmo̱ ṅmā̃kei ye̱ ṅmõši, ni na, mike le̱ te ši damo̱ ši, ni na, nyekei le̱ babo̱le mike le̱ ni ame̱kotole̱.","And now, our brothers and sisters, we want you to know about those who have fallen asleep, so that you do not grieve like the rest who have no hope.",output_proprietary-1,0.1651611328125
"His brothers asked, “Do you really think you are going to be king and rule over us?” Now they hated Joseph more than ever because of what he had said about his dream.",Ni enyemimei le̱ kē̱le̱ ake̱: Aso maṅtše̱ po okē̱ ooye ye̱ wo̱no̱ ne̱? alo ye obaye wo̱no̱ ne̱? Ni ame̱nye̱le̱ fè tšutšu le̱ ye̱ elamõi le̱ ke̱ ewiemo̱i le̱ ahewo̱.,"And they asked him, saying: Why do the scribes say that Elijah must first come? And he answered and told them all things.",output_proprietary-1,0.488525390625
"When Joseph came to his brothers, they pulled off his fancy coat","Ni eba mli ake̱, beni Iosef še̱ enyemimei le̱ aṅõ le̱, ame̱kplo̱ etade ni dši atade wuyã fe̱fe̱o ni ewo le̱ ye̱ ehe, K.","When they saw that their father was dead, Joseph's brothers said, ""What if Joseph holds a grudge against us and pays us back for all the wrongs we did to him?""",output_proprietary-1,0.61572265625
"Let's sell him to the Ishmaelites and not harm him. After all, he is our brother.” And the others agreed.","Nyebaä ni nyehãa wo̱hõale̱ wo̱hãa Išmaelbii le̱, ši nyekahāa wo̱ke̱ wo̱niné mïsa ehe; edšake̱ wo̱nyemi ke̱ wo̱belo dšilo̱. Ni enyemimei le̱ kplẽ.","These are the names of the sons of Ishmael, their names according to their generations: the firstborn of Ishmael was Nebaioth; then Kedar, Adbeel, Mibsam,",output_proprietary-1,0.335205078125
"Judah did not want the same thing to happen to his son Shelah, and he told Tamar, “Go home to your father and live there as a widow until my son Shelah is grown.” So Tamar went to live with her father.",Ke̱ke̱ ni Iuda kē̱ ešāyō Tamar ake̱: Yahĩ ši ake̱ okũlafo ye̱ otše̱ we le̱ ke̱-yaši beyino̱ ni mibi Šela lē̱ aada. Edšake̱ ekē̱: Koni le̱ hũ ekabagbo tamo̱ enyemimei le̱. Ni Tamar te eyahĩ etše̱ we le̱.,"Then Judah said to his daughter-in-law Tamar: ""Live as a widow in your father's house until my son Shelah grows up."" For he thought: ""He might die too, like his brothers."" So Tamar went and lived in her father's house.",output_proprietary-1,0.90771484375
"Hirah asked the people of Enaim, “Where is the prostitute who sat along the road outside your town?” “There's never been one here,” they answered.",Ke̱ke̱ ni eli dše̱ibii ke̱ ake̱: Nẽgbe̱ yō adſamaṅ ní tá Enaim gbe̱ le̱ toi le̱ yo̱? Ni ame̱ke: Yō adſamaṅ ko be̱ bie̱ ne̱.,"And he asked the men of that place, saying: Where is the harlot that was in Enaim by the wayside? And they said: There was no harlot in this place.",output_proprietary-1,0.61474609375
"At once his hand went back in, and the other child was born first. The woman then said, “What an opening you've made for yourself!” So they named the baby Perez.","Ni eba mli ake̱, beni esu enine le̱ ekoṅ le̱, na, enyemi le̱ ba; ni ekē̱: Mẽba otšere̱ mll ke̱-ba ne̱? Ni awole̱ Perez. Mat.","And when her days to be delivered were fulfilled, behold, there were twins in her womb. And the first came out red, all over like an hairy garment; and they called his name Esau. And after that came his brother out, and his hand took hold on Esau's heel; and his name was called Jacob: and Isaac was threescore years old when she bare them. And the boys grew: and Esau was a cunning hunter, a man of the field; and Jacob was a plain man, dwelling in tents. And Isaac loved Esau, because he did eat of his venison: but Rebekah loved Jacob. And Jacob sod pottage: and Esau came from the field, and he was faint: And Esau said to Jacob, Feed me, I pray thee, with that same red pottage; for I am faint: therefore was his name called Edom. And Jacob said, Sell me this day thy birthright. And Esau said, Behold, I am at the point to die: and what profit shall this birthright do to me? And Jacob said, Swear to me this day; and he sware unto him: and he sold his birthright unto Jacob. Then Jacob gave Esau bread and pottage of lentiles; and he did eat and drink, and rose up, and went his way: thus Esau despised his birthright. Mat.",output_proprietary-1,0.309814453125
"Potiphar left everything up to Joseph, and with Joseph there, the only decision he had to make was what he wanted to eat. Joseph was well-built and handsome,","Nohewo̱ le̱ etu enibii fẽ ní eyo̱ le̱ ewo Iosef deṅ, ni ekwe̱e̱ enokonoko ake̱ dša nii ní eyeo̱ ke̱ke̱. Ni Iosef he ye̱ fe̱o ni ehĩe hũ ye̱ fe̱o.","And the famine was over all the face of the earth: And Joseph opened all the storehouses, and sold unto the Egyptians; and the famine waxed sore in the land of Egypt.",output_proprietary-1,0.39501953125
"But when I screamed for help, he left his coat and ran out of the house.”","Ni eba mli ake̱, beni miwó migbē no̱ ni mibo le̱, ešĩ etade le̱ ye̱ miṅõ, ni edšo foi.","When you come tomorrow, if you see that I am not there, wait a little bit for me, I will come soon.",output_proprietary-1,0.194091796875
"Joseph said: This is the meaning of your dream. The three branches stand for three days,",Ni Iosef kē̱le̱ ake̱: Ešišitšõmo̱ ne̱; nidši etẽ le̱ gbĩĩ etẽ ni;,And Joseph said to them: Do not be afraid; am I in the place of God?,output_proprietary-1,0.53515625
"and had the cook put to death. Everything happened just as Joseph had said it would,","ši abološãlo̱i anukpa le̱, ese̱ṅle̱, take̱ be̱ni Iosef tšõame̱ šiši le̱.","They brought him down to Egypt, and Potiphar, an officer of Pharaoh, bought him from the Ishmaelites who had brought him down there.",output_proprietary-1,0.278076171875
"and everything happened just as he said it would. I got my job back, and the cook was put to death.","Ni eba mli ake̱, bo̱ni edšadše šiši etšõwo̱ le̱, nakai eba mli; mi le̱ aṅõmi ato migbe̱he ekoṅ, ni le̱ le̱ ase̱ṅle̱.","If you do not do it, when the time for planting comes, you will not do it; and when the rain falls and the grass grows, you will just be looking on.",output_proprietary-1,0.0401611328125
You are now governor of all Egypt!”,"Ni Farao kē̱ Iosef ake̱: Na, miṅõo mito Mizraim šikpoṅ le̱ fẽ no̱. Bo̱f.","Then Pharaoh said to Joseph: Behold, I have set you over all the land of Egypt. Go.",output_proprietary-1,0.61181640625
"He gave Joseph the Egyptian name Zaphenath Paneah. And he let him marry Asenath, the daughter of Potiphera, a priest in the city of Heliopolis. Joseph traveled all over Egypt.",Ni Farao wo Iosef gbe̱i ake̱ Zafenat-Panea; ni eṅõ On oso̱fo Potifera biyō Asenat le̱ ehãle̱ gblã. Ni Iosef dše kpo eyakpa Mizraim šikpoṅ le̱ no̱.,And Pharaoh called Joseph's name Zaphenath-paneah; and he gave him to wife Asenath the daughter of Potipherah priest of On. And Joseph went out over all the land of Egypt.,output_proprietary-1,0.8837890625
"In fact, there was so much grain that they stopped keeping record, because it was like counting the grains of sand along the beach.","Ke̱ke̱ ni Iosef bua able nā eto babaō dientše̱ take̱ ṅšo̱ nā šia, ke̱-yaši beyino̱ ni efõ kanemo̱; edšake̱ ebe̱ yikule̱.","When Joseph was unable to hold back his feelings any longer, he sent everyone out; only he remained.",output_proprietary-1,0.07830810546875
But Jacob did not send Joseph's younger brother Benjamin with them; he was afraid that something might happen to him.,"Ši Iosef nyemi Benyamin le̱, Iakob hãã eke̱ enyemimei le̱ aya; edšake̱ ekē̱: Koni aleenõ ošrã ko akayašrãle̱.","When Joseph saw Benjamin with them, his father Jacob's other son by the same mother, he said: Bring these men to my house.",output_proprietary-1,0.5478515625
"Joseph turned away from them and cried, but soon he turned back and spoke to them again. Then he had Simeon tied up and taken away while they watched. Joseph's Brothers Return to Canaan","Ni etšṍ ehe ke̱-dše ame̱ṅõ ni eyafó; ni ekũ ese̱ eba ame̱ṅõ ekoṅ ni ekeame̱ bawie; ni edšie Simeon ye̱ ame̱teṅ, ni efĩle ye̱ ame̱hĩe.","And they took him and cast him into a pit; and the pit was empty, there was no water in it; and they sat down to eat bread, and they lifted up their eyes and looked, and behold a company of Ishmaelites came from Gilead with their camels bearing spicery and balm and myrrh, going to carry it down to Egypt. And Judah said unto his brethren, What profit is it if we slay our brother, and conceal his blood? Come, and let us sell him to the Ishmaelites, and let not our hand be upon him; for he is our brother and our flesh. And his brethren were content. Then there passed by Midianites merchantmen; and they drew and lifted up Joseph out of the pit, and sold Joseph to the Ishmaelites for twenty pieces of silver: and they brought Joseph into Egypt.",output_proprietary-1,0.63427734375
"But we told him, “We're honest men, not spies.","Ni wo̱kē̱le̱ ake̱: Ano̱kwafoi dšiwo̱, wo̱dšee sralo̱i;","And he said to them: My children, have you any meat?",output_proprietary-1,0.2861328125
"When the brothers started emptying their sacks of grain, they found their moneybags in them. They were frightened, and so was their father Jacob,","Ni eha mli ake̱, beni ame̱dšie ame̱kotokui le̱ amli nii le̱, na, mofẽmo šika ni afĩ le̱ ye̱ ekotoku le̱ mli. Ni beni ame̱na ame̱sika ni afĩmo̱fĩmo̱i le̱, ame̱ke̱ ame̱tše̱ fẽ še gbeyei.","When you see someone, and you want to greet that person, then, you must use the greeting that is appropriate. And when you use the appropriate greeting, you will receive a good response.",output_proprietary-1,-0.08837890625
"who said, “You have already taken my sons Joseph and Simeon from me. And now you want to take away Benjamin! Everything is against me.”","Ni ame̱tše̱ Iakob kē̱ame̱ ake̱: Nyekpakpā mibii ye̱ mihe: Iosef be̱, ni Simeon be̱, ni nyebaṅõ Benyamin hũ ke̱-ya; ene̱mei ne̱ fẽ le̱ mino̱ kã!","And their father Jacob said to them: You have bereaved me of my children: Joseph is not, and Simeon is not, and you will take Benjamin also; all these things are against me!",output_proprietary-1,0.79931640625
"After Joseph had asked how they were, he said, “What about your elderly father? Is he still alive?”","Ni ebiame̱ bo̱ni ame̱yo̱, ni ekē̱: Ani nyetše̱ nūmo le̱ *ni nyetšĩ etā le̱ ye̱ dšogbāṅ lo? Ani eye̱ dšeṅ lolo? *","And when they saw him from afar, before he came near to them, they conspired against him to kill him. And they said one to another:",output_proprietary-1,0.371826171875
"After washing his face and returning, he was able to control himself and said, “Serve the meal!”","Ni efo̱ ehĩe ni edše kpo, ni emĩa ehĩe, ni ekē̱: Nyeke̱ niyenii abamãmo̱a ši!","When you see him and you know him, you will say: This is truly our father!",output_proprietary-1,0.1776123046875
"Joseph's servant started searching the sacks, beginning with the one that belonged to the oldest brother. When he came to Benjamin's sack, he found the cup.",Ni ebṍi taomo̱ ke̱-dše̱ onukpa le̱ no̱ ni eyagbe nā ye̱ gbekẽ le̱ no̱; ni ayana kpulu le̱ ye̱ Benyamin kotoku le̱ mli.,"And they gave him his portion before them, but Benjamin's portion was five times as much as any of theirs; and they drank and were merry with him.",output_proprietary-1,0.46142578125
"When it was told in the palace that Joseph's brothers had come, the king and his officials were happy.",Ni anu sane ne̱ ye̱ Farao we le̱ ake̱: Iosef nyemimei eba! Ni Farao ke̱ etšũdši le̱ ná be mīše̱.,And Pharaoh said to them: I wish Joseph were here! And Pharaoh was very troubled in his heart.,output_proprietary-1,0.490478515625
So the king said to Joseph: Tell your brothers to load their donkeys and return to Canaan.,"Ni Farao kē̱ Iosef ake̱: Kē̱mo̱ onyemimei le̱ ake̱: Noni nyefe ne̱: nyetẽrea nyekoloi le̱ adšatšui, ni nyeyiaṅ ke̱-yaä Kanaan šikpoṅ le̱ no̱,","And Pharaoh said to Joseph: Say to your brothers: Do this: load your animals, and go to the land of Canaan,",output_proprietary-1,0.84375
Also tell your brothers to take some wagons from Egypt for their wives and children to ride in. And be sure they bring their father.,"Ni bo le̱ afā̃o ake̱: Noni nyefe ne̱: nyeṅõa ſīlii ke̱-dše̱a Mizraim šikpoṅ le̱ ne̱ nyebāa nyebii ke̱ nyeṅãmei, ni nyeyaṅõa nyetše̱ ke̱-baä.","And you shall tell your son on that day, saying: It is because of what the LORD did for me when I came out of Egypt that I observe this.",output_proprietary-1,0.423828125
"I will let them live anywhere they choose in the land of Egypt, but I suggest that they settle in Goshen, the best part of our land. I would also like for your finest shepherds to watch after my own sheep and goats.”","Mizraim šikpoṅ le̱ kã ohĩe; šikpoṅ le̱, beni hĩ fè fẽ ni dši Gošen šikpoṅ le̱, hã otše̱ ke̱ onyemimei le̱ ahĩ dše̱i; ni ke̱dši ole ame̱teṅ meikomei ṅí dši gbomei ni sa le̱, no le̱ ṅõame̱ ofe oṅukpai ye̱ mikoloi le̱ ano̱.","The land of Egypt is before you; settle your father and brothers in the best part of the land, let them live in the land of Goshen, and if you know any capable men among them, put them in charge of my livestock.",output_proprietary-1,0.8623046875
"“If you don't have any money,” Joseph answered, “give me your animals, and I'll let you have some grain.”","Ni Iosef ké̱: Ni nyešika etã ne̱, nyeṅõa nyekoloi nyehãa, ni mahãnye ye̱ nyekoloi le̱ anā.","And Joseph said: Now you know, you have sold your brother, and I am that brother whom you sold.",output_proprietary-1,0.497802734375
"Then Joseph made his sons move away from Jacob's knees, and Joseph bowed down in front of him with his face to the ground.","Ni Iosef dšieame̱ ke̱-dše̱ enakutšei ateṅ ke̱-ba, ni eho ekoto ši, eṅõ ehĩe ebu ši.",And Joseph was handsome in form and handsome in appearance.,output_proprietary-1,0.373046875
You will tie your donkey to a choice grapevine and wash your clothes in wine from those grapes.,"Eefĩ etedšibi eṅmõ weintšo ke̱ etedšiyō bi hũ eṅmõ weintšonine; eke̱ wein aafo̱ etade he, ni ehebo le̱ eke̱ weinyibii amli lá aafo̱ he. Ioel","If you are ashamed of me and my words, the Son of Man will also be ashamed of you when he comes in his glory and in the glory of the Father and of the holy angels. Joel",output_proprietary-1,0.2003173828125
"Joseph, you are a fruitful vine growing near a stream and climbing a wall.","Iosef le̱, tšo ni woo̱ yibii ni, nu ni baä he tšo ni woo̱ yibii ni, ni enidši le̱ kwō̱lo̱ö̱ gbogbo. Hos.","Joseph also, and his mother, and all those who were with him, returned to their own land. Hos.",output_proprietary-1,0.31591796875
Both the cave and the land that goes with it were bought from the Hittites.,Abō̱ le̱ ke̱ te̱kplo ni yo̱ mli le̱ ahe ye̱ Hetbii le̱ adeṅ.,The man who is sitting there is my friend from Accra.,output_proprietary-1,0.09649658203125
"When the time of mourning was over, Joseph said to the Egyptian leaders, “If you consider me your friend, please speak to the king for me.","Ni beni efómo̱ gbĩĩ le̱ ebo le̱, Iosef ke̱ Farao we le̱ bii le̱ wie ni ekē̱: Agbe̱ne̱ ke̱dši mihĩe eba nyam ye̱ nyehĩe le̱, mīkpanye fai, nyewoa Farao toi no̱ ake.","When the two years were completed, Joseph was still in prison, and Pharaoh had a dream: He was standing by the Nile River.",output_proprietary-1,0.4140625
"If we don't outsmart them, their families will keep growing larger. And if our country goes to war, they could easily fight on the side of our enemies and escape from Egypt.","Nyebaä, nyehãa woke̱ame̱ ayea ṅā mli, koni ame̱yi akafá ní ebaba mli ake, ké̱ ta ko bate ši le̱, ni ame̱ hũ ame̱yafata wo̱henye̱lo̱i le̱ ahe ní ame̱ke̱wo̱ ṅwu ní ame̱mīfã ke̱-ṅdše šikpoṅ le̱ no̱!","Women, or girls who are still young, but have reached the age of puberty, or are about to reach it, should not sit with their legs spread apart showing their private parts and underwear!",output_proprietary-1,0.104736328125
"The king called them in again and asked, “Why are you letting those baby boys live?”",Ni Mizraim maṅtše̱ le̱ tšé̱ yeife̱yei le̱ ni ekē̱ame̱ ake: Mẽhewo̱ nyefe nakai ni nyehere gbekẽbiihĩĩ le̱ ayiwala le̱?,The Egyptians will know that I am the Lord when I stretch out my hand against Egypt and bring out the Israelites from among them.,output_proprietary-1,0.241943359375
The Lord sent Aaron to meet Moses in the desert. So Aaron met Moses at Mount Sinai and greeted him with a kiss.,"Ni Iehowa kē̱ Aaron ake̱: Ya ní oke̱ Mose ayakpe ye̱ ṅã le̱ no̱. Ni ete ní eke̱le̱ yakpe ye̱ Nyoṅmo̱ goṅ le̱ he, ni eſo̱ enā.","The Lord said to Aaron: Go and meet Moses in the wilderness. And he went and met him in the mountain of God, and kissed him.",output_proprietary-1,0.91015625
"The king said, “Moses and Aaron, why are you keeping these people from working? Look how many you are keeping from doing their work. Now everyone get back to work!”","Ni Farao sā kē̱: Na, agbe̱ne̱ maṅ le̱ *yi efa momo ye̱ šikpoṅ le̱ no̱, ni nyehã ame̱dšo̱ö̱ amehe noṅṅ ne̱! *","And Pharaoh said to him: Go, and may God be with you wherever you go, and may you see my face no more!",output_proprietary-1,0.5791015625
"Finally, the men in charge of the slaves went to the king and said, “Why are you treating us like this?",Ke̱ke̱ ni Israelbii le̱ ano̱kwe̱lo̱i le̱ ba ni ame̱bablo̱ ame̱wo Farao ame̱kē̱: Mẽhewo̱ oke̱ otšũdši yeo̱ ne̱ke̱?,"And the midwives of the children of Israel answered Pharaoh saying: The Hebrew women are not like the Egyptian women, for they are lively.",output_proprietary-1,0.304443359375
Merari's sons were Mahli and Mushi. All of the above were from the Levi tribe.,Ni Merari bii ne̱: Maheli ke̱ Muši. Mene̱mei dši Levi wekui le̱ ye̱ ame̱fo̱mo̱i le̱ anā.,The sons of Merari were: Mahli and Mushi. These are the families of the Levites according to their fathers' houses.,output_proprietary-1,0.91064453125
"The Lord had commanded Aaron and Moses to lead every family and tribe of Israel out of Egypt,",Mene̱mei dši Aaron ke̱ Mose ni Iehowa kē̱ame̱ ake̱: Nyeyadšiea Israelbii le̱ ye̱ Mizraim šikpoṅ le̱ no̱ ye̱ ame̱tai le̱ anā le̱.,The Lord said to Moses and Aaron in Egypt,output_proprietary-1,0.751953125
"he said, “I am the Lord. Tell the king of Egypt everything I say to you.”","ake̱ Iehowa kē̱ Mose ake̱: Midši Iehowa le̱; kē̱mo̱ Farao, Mizraim maṅtše̱ le̱, nii fẽ ní mike̱o wieo̱ le̱.","And the LORD said to Moses: Rise up early in the morning and stand before Pharaoh, king of Egypt, and say to him: Thus says the LORD.",output_proprietary-1,0.7119140625
The king behaved just as the Lord had said and stubbornly refused to listen. The Nile River Turns into Blood,"Ni awadše Farao tšui, ni ebooame̱ toi, take̱ bo̱ni Iehowa *ewie le̱. *","And Pharaoh's heart was hardened, and he did not listen to them, just as the LORD had said.",output_proprietary-1,0.60888671875
