ref,text,translated,similarity_score,source_zip_file
The Pharisees got together and planned how they could trick Jesus into saying something wrong.,"∆źh…©, *Falisif č…õ'n-m…Ē h…Ēl…© yial…© b…õ kp čnnd…õl…© kosuan m…Ē s…õ b…õ bisa Zozi a, …Ē k čala k…õ …Ē f čn …Ē t…Ē b…õŐĀ ngaa n…©n anun'n.","Alas, if the Pharisees had known that today is the day we celebrate the Eucharist, they would have prevented him from giving them the bread.",0.52035666,output_jonathan
"The men said to Jesus, ‚ÄúDon't you hear what those children are saying?‚ÄĚ ‚ÄúYes, I do!‚ÄĚ Jesus answered. ‚ÄúDon't you know that the Scriptures say, ‚ÄėChildren and infants will sing praises‚Äô?‚ÄĚ","∆źh…©, b…õ k…Ē bisa Zozi k…õ: ‚ÄúAs č …õ t…© …õj…Ēl…õ'n m…Ē b…õ l…õ kan'n?‚ÄĚ Zozi nwan: ‚ÄúYuo o. ∆źh…õl…õ ∆źj…Ēl…õ nwan: A fa ay…õ …õy…©…õ n…©n a wula mmat čnman'n-m…Ē n čn ad…Ēman'n-m…Ē an čan. ∆źj…Ēl…õ s…Ē'n-m…Ē, as č …õm…Ē k…©nngal…© man y…©ŐĀ l√© …Ē?‚ÄĚ","And they asked Jesus saying: ""Who is the greatest among us?"" Jesus replied: ""You are. If anyone humbles himself like this child, he is the greatest in the kingdom of heaven."" The disciples then asked among themselves: ""Who then is truly great?""",0.57517517,output_jonathan
Jesus answered: Elijah certainly will come to get everything ready. But don't the Scriptures also say that the Son of Man must suffer terribly and be rejected?,"Zozi k…Ē bua b…õŐĀ k…õ: ‚ÄúEli 'di m ča ba …Ē sesie ninnge'n-m…Ē biekun. Nan …Ē y…Ē s…õ m…Ē b'a h…õl…õ y…©ŐĀ k…õ, M√Ęn Baa'n 'ba nwun amann…©nhunlun kpa, …õs…õ b…õ 'kp…Ē y…©ŐĀ'n?","When they finished, they said: ‚ÄúHow can we prepare this meal for our father? If we prepare it badly and he eats it and it doesn‚Äôt go down well, won‚Äôt our father beat us severely?",0.33174542,output_jonathan
"When it was harvest time, the owner sent some servants to get his share of the grapes.","∆Ü w…Ē …õb…õl…õ dede m…Ē div…©n n…©n …õt…©…õ'n t…õm čn juli'n, bian'n k…Ē s čan y…©ŐĀ ng ča'n-m…Ē k…õ b…õ h…ĒŐĀ kpaf č'n-m…Ē anw čn …õl…Ē, b…õ h…ĒŐĀ l√© y…©ŐĀ d…©…õ'n b…õ b…õŐĀl…õ y…©ŐĀ.","When they had finished doing this, they went to the bush and cut palm branches and decorated the whole town with them on the day of the festival, and they also decorated their farms.",0.365136,output_jonathan
News about Jesus quickly spread all over Galilee. Jesus Heals Many People (Matthew,"∆Ü fi …õb…õl…õ, Zozi dunman'n k…Ē h…Ē dede k…Ē ju Galile m√Ęn'n l…©ka k čalaatin. Zozi 'ba man nwuluwaf č…õ d…Ē čn anw čn sa (Matie",He came down from the mountain and followed a great crowd. Jesus healed many people with various sicknesses and sufferings (Matthew),0.7357465,output_jonathan
"When the woman got back home, she found her child lying on the bed. The demon had gone. Jesus Heals a Man Who Was Deaf and Could Hardly Talk","Sakpa k čs č, balasua'n fi …õb…õl…õ …Ē 'k…Ē a ju a, y…©ŐĀ wa'n la mgba n…©n as č, waw…õ …õt…õ'n fi y…©ŐĀ nun a tu. Zozi 'ba man amunlef č…õ anz čtiliwa k čn anw čn sa","The dog chases the cat, but the cat climbs a tree and escapes, then the dog runs around the base of the tree.",0.302035,output_mich001
"Their minds were closed, and they could not understand the true meaning of the loaves of bread. Jesus Heals Sick People in Gennesaret (Matthew","Af…© asinb…õnw čn like'n m…Ē Zozi fal…© kpa čn'n y…Ēl…©'n, b'a nd…© man y…©ŐĀ b č. ∆Ü sanl…©n k…õ b'a nva man b…õŐĀ aj čnl…©n b'a nza man s č. Zozi 'ba man Zenezal…õt…© nwuluwaf č…õ'n-m…Ē anw čn sa. (Matie","If you want to be a wise person like Zozi, you must learn to control your mouth, and be calm. A controlled mouth helps one to be wise and to have good sense. Zozi‚Äôs mouth was controlled; that‚Äôs why he was wise.",0.09837352,output_mich001
"Such large crowds gathered around him that he had to sit in a boat, while the people stood on the shore.",Menins čnman k…Ē a y…©ŐĀ nw čn …õb…õl…õ. ∆Ü k…Ē kpati k…Ē f č k…Ē tanlan …õl…õ…õ k čn anun asue n…©n any…©ns č y…õŐā menins čnman'n jijin asue n…©n an čan.,The man who does not know how to farm will not be able to eat. He does not know how to prepare the land for farming and does not have the knowledge to harvest and store food for the future.,0.09743152,output_mich001
"So if you are about to place your gift on the altar and remember that someone is angry with you,","‚ÄúY…©ŐĀ s…Ē ati, s…õ …õ 'fa like k…Ē man Nyanm…©an, s…õ …õ ju Nyanm…©an awulo n…©n anun l…©ka m…Ē b…õ y…© t…õ…õ'n n√°n …õ kac…© k…õ a se w…ĒŐĀ manng čn bie sa a,","If you want to be like a true Nyanm…©an, you should know that Nyanm…©an people do not like it when you talk about it and then do not do it.",0.07999444,output_mich001
Over on the hillside a large herd of pigs was feeding.,"L…©ka m…Ē b…õ jin n…©n afan nun, b čka k čn anw čn …õb…õl…õ, an…©n mgbolike fatule k čn l…õ didi.","You like to play with fire, but you don't know how to extinguish it, you are courting danger.",-0.066573575,output_mich001
"When Herod found out that the wise men from the east had tricked him, he was very angry. He gave orders for his men to kill all the boys who lived in or near Bethlehem and were two years old and younger. This was based on what he had learned from the wise men.","M…Ē belemgbin El…Ēd…© nwunlin k…õ ng…õl…õf č…õ'n-m…Ē a laka y…©ŐĀ'n, …Ē f…õl…© …õya kpa. ∆Ü t…©t…©l…© c…©an'n m…Ē ng…õl…õf č…õ'n-m…Ē nwunlin nzalama'n dede a, an…©n …Ē'a nwun k…õ bat čnman'n ka kaan di af č…õ nnyuan. Y…©ŐĀ ti, …Ē k…Ē s čan y…©ŐĀ nzalaf č'n-m…Ē Beteleh…õm čn n čn kulo'n-m…Ē k čalaa m…Ē b…õ mantan mantan y…©ŐĀ'n-m…Ē as č k…õ b…õ h…ĒŐĀ h√ļn mmat čnman mmelenzua m…Ē b'a li af č…õ nnyuan'n, …Ē n čn b…õŐĀ m…Ē b…õ lili man af č…õ nnyuan'n k čalaatin.","When Herod the king heard these things, he was troubled, and all Jerusalem with him. And when he had gathered all the chief priests and scribes of the people together, he demanded of them where Christ should be born. And they said unto him, In Bethlehem of Judaea: for thus it is written by the prophet, And thou Bethlehem, in the land of Juda, art not the least among the princes of Juda: for out of thee shall come a Governor, that shall rule my people Israel.",0.5225054025650024,output_mich003
"You're nothing but show-offs! First, take the log out of your own eye; then you can see how to take the speck out of your friend's eye.","∆ź b…Ē w…ĒŐĀ nw čn apoo, di m ča y…© tabua ebue'n m'…Ē la w…ĒŐĀ ny…©n n…©n as č'n, n√°n a nwun as…© a y…© tabua munmuin kaan'n m'…Ē la w…ĒŐĀ manng čn n…©n any…©n n…©n as č'n.","When they had finished eating, he took some of the leftover food and gave it to his disciples, and said, ""Collect the fragments that remain, so that nothing may be lost.""",0.049593523144721985,output_mich003
Jesus then told them this story: The kingdom of heaven is like what happened when a farmer scattered good seed in a field.,"∆źh…© anzin, Zozi k…Ē bu any…©nndala k čn biekun k…Ē hele b…õŐĀ. Y…©ŐĀ nwan: ‚Äú∆ź 'nwun like m…Ē Anwunno Belemgbin M√Ęn'n soman y…©ŐĀ'n: ∆Ü soman s čanlan k čn m…Ē …Ē'a gua *bele y…©ŐĀ ebo n…©n as č …Ē.","When the day broke, Zozi and his hunters went to the farm to net (hunt). He said: ‚ÄúMy father used to say that Anwunno Belemgbin's soothsayer told him: The soothsayer's words are like a charm that protects one from death.",0.2927093505859375,output_mich003
"Everyone who has something will be given more, and they will have more than enough. But everything will be taken from those who don't have anything.","∆Ü sanl…©n k…õ s čanlan m'…Ē le bie'n, b…õ 'man y…©ŐĀ d…Ē čn biekun. Nan s čanlan k čs č m'…Ē le man f…©ŐĀ…©ŐĀ'n, b…õ 't ča y…©ŐĀ b…õ de kaan'n m'…Ē le'n.","When a hunter kills an animal, they do not give it to someone else. But when the animal is not killed, they give its name to someone else.",0.1345779448747635,output_mich003
"Now hurry! Tell his disciples he has been raised to life and is on his way to Galilee. Go there, and you will see him. This is what I came to tell you.‚ÄĚ","∆źm…Ē h…ĒŐĀ nd…õ-nd…õ b…õ h√°n h√©le y…©ŐĀ menian'n-m…Ē k…õ …Ē fi ewue nun …Ē'a tinnge. Sian d…©…õ, …Ē l…õ k…Ē a nw čnnd…õ …õm…Ē Galile m√Ęn n…©n anun. ∆źl…Ē y…õŐā …õm…Ē 'nwun y…©ŐĀ …Ē. Ngal…©…õ'n m…Ē m…©ŐĀn nwan m…©n 'kan m…©n kele …õm…Ē n…©n an…©n.‚ÄĚ","It was while he was still speaking that a crowd came, for he was at the place called Gethsemane. Judas, one of the twelve, was leading them.",0.5377235412597656,output_mich003
Jesus was followed by a large crowd as he and his disciples were leaving Jericho.,"M…Ē b…õ fi Zeliko kulo n…©n anun b…õ 'fite'n, menian d…Ē čn kpa sili b…õŐĀ s č.","When they had finished building the house at Zeliko, they held a big celebration.",0.2337445,output_onesimus007
"While Jesus was still speaking, an official came and knelt in front of him. The man said, ‚ÄúMy daughter has just now died! Please come and place your hand on her. Then she will live again.‚ÄĚ","An…©n Zozi an čan w…Ē s č …Ē t…õ kan …õj…Ēl…õ …Ē t…õ kele b…õŐĀ. Zuf č'n-m…Ē kpain'n k čn wal…© a, …Ē k…Ē k čt č Zozi anyunnun …õb…õl…õ, y…©ŐĀ nwan: ‚ÄúM…©ŐĀn wa balasua n…©n a wu k…©kaala. Y…©ŐĀ ti, bala n√°n fa w…ĒŐĀ sa fua y…©ŐĀ nw čn maan …Ē h…©ŐĀn.‚ÄĚ","When Zozi's mother was going to farm, she took her child with her. When Zufu's-mother-the elder came visiting, she gave Zozi's mother a calabash, saying: ""You are going to farm and leaving the child behind. So, when you go, don't leave the child to cry behind you.""",0.27197862,output_onesimus007
"So, my disciples, always be ready! You don't know the day or the time when all this will happen. A Story about Three Servants (Luke","∆źh…©, Zozi k…Ē han k…Ē t č s č k…õ: ‚ÄúY…©ŐĀ s…Ē ati, …õm…Ē s√≠sa, …Ē sanl…©n k…õ …õm…Ē nz…© man c…©an'n, anaan d…Ē…õ'n.‚ÄĚ Ng ča nsan n…©n anw čn any…©nndala'n (Luku","And Zozimus sang another song saying: ‚ÄúYou are my father, my mother, the heavens are between my mother and me, that is why I am in pain.‚ÄĚ This is what is written in the Gospel of Luke",0.40155703,output_onesimus007
"No one pours new wine into old wineskins. The wine would swell and burst the old skins. Then the wine would be lost, and the skins would be ruined. New wine must be put into new wineskins. A Question about the Sabbath (Matthew","S čanlan f…©ŐĀ…©ŐĀ nva man div…©n f čf…Ēl…õ …Ē ngua man naan kpolo kotoku daba nun. S…õ …Ē y…Ē y…©ŐĀ s…Ē a, kpolo'n 'sua nzan'n butu, an…©n y…©ŐĀ munnyuan n…©n a s…õc…©. Nan kpolo kotoku f čf…Ēl…õ anun y…õŐā b…õ gua div…©n f čf…Ēl…õ …Ē.‚ÄĚ Zozi n čn …õnw čnm…©an ele c…©an'n (Matie","The people asked him again, ‚ÄúThen who is this man, that you are talking about?‚ÄĚ Jesus said, ‚ÄúHe is the one I have been telling you about. He is the one who comes after me, but he is greater than I am, because he was living before I was even born.‚ÄĚ John 1:15 (ERV)",0.2635585,output_onesimus007
"If you want to save your life, you will destroy it. But if you give up your life for me, you will find it.","∆Ü sanl…©n k…õ s čanlan m'…Ē kulo k…õ …Ē kp čnnd…õ y…©ŐĀ ng čan'n, …Ē 'minlin y…©ŐĀ ng čan s…Ē'n. Nan s čanlan m'…Ē k…Ē si m…©ŐĀn s č dede …Ē k…Ē wu m…©ŐĀn dunman nun'n, s čanlan s…Ē'n 'nyan ng čan.","When the hunter went hunting and killed an animal, he brought it home and shared it with his wives. If the hunter had not gone hunting he would not have eaten good meat, that is why they say a hunter has many wives.",0.11125082,output_onesimus007
Is this any way to show respect to your parents? You ignore God's commands in order to follow your own teaching.,K…õ …õm…Ē y…Ē m…Ē …õm…Ē b…Ē Nyanm…©an An čan ∆źj…Ēl…õ n…©n ab čs č n√°n …õm…Ē muonun a li b…õŐĀ ngehele n…©n as č n…©n an…©n.,"The dog and the goat are fighting, the goat is biting the dog's ear, the dog is holding the goat's leg, they are struggling and falling.",0.019446399,output-onesimus_003
"So God's promise came true, just as the prophet Isaiah had said, ‚ÄúThese people will listen and listen, but never understand. They will look and look, but never see.","∆Ü man b…õŐĀ nw čn …õj…Ēl…õ'n m…Ē *Ezayi hanl…©n'n kp…©nl…©n s č. Nyanm…©an nannd…©l…© Ezayi s č …Ē hanl…©n k…õ: ∆źm…Ē 'ba tie y…©ŐĀ kpa, k čs č …õm…Ē ng…Ē t…© man y…©ŐĀ b č. ∆źm…Ē 'ba n…©an y…©ŐĀ kpa, k čs č …õm…Ē ng…Ē nwun man y…©ŐĀ.","The man will give his friend *Ezayi a rope to tie. The friend received the rope from him and said: If you beat a dog, it will bite you. If you beat a dog, it will bite you.",0.21751848,output-onesimus_003
"You have heard people say, ‚ÄúLove your neighbors and hate your enemies.‚ÄĚ","‚Äú∆źm…Ē t…©l…© k…õ b…õŐĀ nwan: Kulo w…ĒŐĀ manng čn, n√°n kp…Ē s čanlan m'…Ē kp…Ē w…ĒŐĀ'n.","The sky is cloudy, it seems to rain: The sky is dark, and the wind blows, it seems to rain.",0.057061505,output-onesimus_003
"Two men will be in the same field, but only one will be taken. The other will be left.","M…õl…õ s…Ē n…©n anun, mmelenzua nnyuan m…Ē b…õ k…Ē h…Ē ebolo b…õ l…õ di junman l…©ka k čn'n, b…õ 'fa k čn b…õ yaci k čn.","The dog chases the cat, the dog catches the cat and then beats it, then eats it.",0.21859026,output-onesimus_003
"That's what you are like. Outside you look good, but inside you are evil and only pretend to be good.","K…õ …õm…Ē k čs č t…© y…©ŐĀ n…©n an…©n. Menian'n-m…Ē nwun …õm…Ē a, b…õ bu …õm…Ē meninkpa. Nan k čs č apoo mma y'…Ē le …õm…Ē, aj čnl…©n …õt…õ …õt…õ ng čnm…©n w…Ē …õm…Ē ati anun.","The bird has come to build its nest on the tree. It brings branches and puts them together. The tree does not say that the bird's things are bad, it does not repel the bird's things. The bird then brings some more to put on it, adding some leaves to make a nest.",0.10068537,output-onesimus_003
"But John kept objecting and said, ‚ÄúI ought to be baptized by you. Why have you come to me?‚ÄĚ","Z čan a nne a nd č man nun, y…©ŐĀ nwan: ‚ÄúM…©ŐĀn y…õŐā …Ē fata k…õ m ba w…ĒŐĀ nw čn m man …õ s…Ēn…©n m…©ŐĀn …Ē. Nan w…ĒŐĀ d…©…õ, w…ĒŐĀ l…©l…© y…õŐā …õ l…õ ba maan m…©n s…Ēn…©n w…ĒŐĀ …Ē!‚ÄĚ","The person who does not listen to his father's advice says: ‚ÄúMy father‚Äôs advice is not good for me, I will not listen to him. When troubles come, he will be crying and saying I did not listen to his advice.‚ÄĚ",0.25481606,output_datgerhardt
And pray that you won't have to escape in winter or on a Sabbath.,"∆źm…Ē s…õŐĀl…õ Nyanm…©an kpa n√°n …õm…Ē …õnwanndie c…©an n…©n a nyia man f…Ēs…©…õ nun, anaan …õnw čnm…©an ele c…©an.","The chief of Nyanm…©an sent his people to invite the chief of our town to a meeting, but they refused to go, they rather sent an insult.",0.056018382,output_datgerhardt
"The master of the servant told him, ‚ÄúYou are lazy and good-for-nothing! You know I harvest what I don't plant and gather crops where I haven't scattered seed.","‚ÄúY…©ŐĀ m…©n'n nwan: ‚ÄėAk ča ati anun …õt…õ …õf čanf č…õ, …õ s…© k…õ m…©n man …õm…Ē di junman mgban m…©n nyan s č nvas č…õ'n.","‚ÄúYou people are hearing: ‚ÄėThe sky and earth are made for everybody, it is not good for you people to hoard things and prevent others from having‚Äô.‚ÄĚ",0.35773343,output_datgerhardt
"Now they were more afraid than ever and said to each other, ‚ÄúWho is this? Even the wind and the waves obey him!‚ÄĚ","B…õŐĀ nw čn ng…Ēm ča k čalaa fi b…õŐĀ nw čn tuli, b…õ k…Ē han y…©ŐĀ b…õŐĀ afian …õl…Ē k…õ: ‚ÄúS čanlan benin y'…Ē le …õh…© m…Ē anw čnman b…Ēb…Ē n čn asutue man y…©ŐĀ any…©nnz…Ē …Ē?‚ÄĚ","What is the meaning of this proverb: ‚ÄúIs it not good to be a stranger in a strange land, to roam about and get to know a place?‚ÄĚ",0.18955149,output_datgerhardt
"Jerusalem, Jerusalem! Your people have killed the prophets and have stoned the messengers who were sent to you. I have often wanted to gather your people, as a hen gathers her chicks under her wings. But you wouldn't let me.","∆źh…©, Zozi nwan: ‚ÄúZoluzal…õm čn, Zoluzal…õm čn, w…ĒŐĀ m…Ē …õ kun Nyanm…©an mgb…Ēmanf č…õ'n-m…Ē …õ t čt č …õb č…õ …õ kun b…õŐĀ m…Ē Nyanm…©an k…Ē s čan b…õŐĀ w…ĒŐĀ nw čn'n, n gulol…© y…©ŐĀ s čnman k…õ m…©n kokuan w…ĒŐĀ mma'n-m…Ē an čan m…©ŐĀn nw čn k…õ ak…Ē …õta kokuan y…©ŐĀ mma'n-m…Ē an čan y…©ŐĀ nd…õba'n-m…Ē ab č'n, nan k čs č …õm…Ē a ndie man!","Hello, Zozi said: ‚ÄúZoluzal…õm čn, Zoluzal…õm čn, you are the one who Nyanm…©an sent to help us, you are the one who Nyanm…©an sent to help us, you are the one who helps us to get wealth, you are the one who helps us to get wealth, I am very grateful to you, you are the one who helps us to get wealth, you are the one who helps us to get wealth, may God bless you!",0.3429879,output_datgerhardt
"When you give to the poor, don't let anyone know about it.","Nan w…ĒŐĀ d…©…õ, s…õ …õ 'fa esika …õ man ehianf č…õ'n-m…Ē a, n'…õ man w…ĒŐĀ manng čn'n muonun m…Ē …õ n čn y…©ŐĀ nannd…©'n nwun nun.","If you want to get wealth, you must get it through hard work, and if you get it through hard work, you will enjoy it and it will be sweet.",0.2723707,output_mich002
"He trusted God, so let God save him, if he wants to. He even said he was God's Son.‚ÄĚ","∆Ü'a susu y…©ŐĀ ti …Ē'a gua Nyanm…©an as č. Y…©ŐĀ nwan: ‚ÄėNyanm…©an Awa y'…Ē le m…©ŐĀn‚Äô. S…õ Nyanm…©an kulo y…©ŐĀ a, an…©n …Ē l√© y…©ŐĀ ti k…©kaala!‚ÄĚ","He thought to himself that he would go to Nyanm…©an's house. He said: ‚ÄėNyanm…©an's wife is beautiful‚Äô. When he got to Nyanm…©an's house, they said he was a liar!",0.34984863,output_mich002
"But Jesus said, ‚ÄúProphets are honored by everyone, except the people of their hometown and their relatives and their own family.‚ÄĚ","M…Ē Zozi nwunlin y…©ŐĀ s…Ē'n, y…©ŐĀ nwan: ‚ÄúB…õ bu Nyanm…©an kp…Ēmanf č…õ biala s čanlan l…©ka k čalaa. Nan y…©ŐĀ muonun y…©ŐĀ kulo n…©n as č menian'n-m…Ē n čn y…©ŐĀ nvilie'n-m…Ē y…õŐā b…õ mmu man y…©ŐĀ s čanlan …Ē.‚ÄĚ","The chief Zozi was sitting on his stool, saying: ‚ÄúOur Nyanm…©an, the great king, has sent a strong war messenger to us. He said that if we do not immediately give him food, he will come and burn our village.‚ÄĚ",0.19019672,output_mich002
"Once again, Jesus went to the shore of Lake Galilee. A large crowd gathered around him, and he taught them.","∆źh…© anzin, Zozi k…Ē sa k…Ē h…Ē Galile asubula n…©n an čan …õl…Ē biekun. Menian d…Ē čn k…Ē kp č y…©ŐĀ, …Ē k…Ē hehele b…õŐĀ ninnge.","He went to his hometown, and on the Sabbath he began to teach in the synagogue. Many who heard him were astonished, saying, ‚ÄúWhere did this man get these things? What is this wisdom that has been given to him?",0.5595223,output_mich002
"As Jesus was telling what the kingdom of heaven would be like, he said: Early one morning a man went out to hire some workers for his vineyard.","‚Äú∆ź 'nwun like m…Ē Anwunno Belemgbin M√Ęn'n soman y…©ŐĀ'n: ∆źl…õh čn k čn m…©nl…©an k čn k…Ē jas č ng…õl…õm…Ē tutun kpa, …Ē 'k…Ē a kp čnnd…õ menian maan b…õ di junman y…©ŐĀ div…©n ebo n…©n as č.","The chiefs like Anwunno Belemgbin told their people: They gave them money and cloth to go and buy guns to fight, but they brought back only empty words and lies.",0.15040584,output_mich002
They pile heavy burdens on people's shoulders and won't lift a finger to help.,"B…õ c…©c…© ninnge n čnn…Ē…õ b…õ s ča menian'n-m…Ē, nan k čs č b…õŐĀ muonun b…õ nva man b…õŐĀ sa b…õt…©a k čn b…õ mm čka man b…õŐĀ.","They are going to prepare a big celebration for the chief, and invite all the people, then the chief will come out to meet them, and they will give him a big welcome and plenty of drinks.",0.097048886,nsanku_output_kcn
Some people are unable to marry because of birth defects or because of what someone has done to their bodies. Others stay single in order to serve God better. Anyone who can accept this teaching should do so.‚ÄĚ Jesus Blesses Little Children (Mark,"Ninnge d…Ē čn w…Ē …õb…õl…õ, …Ē j…©j…© melenzua'n mmie-m…Ē, …Ē man b…õ ng čala man bala ja. Mmie-m…Ē w…Ē …õb…õl…õ, b…õ 'w č b…õŐĀ a, an…©n b…õŐĀ nw čn t…© man kpa. Mmie-m…Ē k čs č w…Ē …õb…õl…õ, b…õ sa b…õŐĀ. Mmie-m…Ē k čs č w…Ē …õb…õl…õ, Anwunno Belemgbin M√Ęn'n dunman nun, b…õ nja man bala. S čanlan m'…Ē s…© fasie'n, …Ē f√° s√≠e!‚ÄĚ (Maak…©","‚ÄúYou have been given a child, and it cries out for its mother; it searches for its mother everywhere. The child searches for its mother; if only it could see her, its crying would stop. The child searches for its mother; it weeps. The child searches for its mother, and when Anweelo Belemgbin heard of it, she hurried to it, and the child stopped crying. ‚ÄúBring me a calabash!‚ÄĚ she said.",0.25120646,nsanku_output_kcn
"Some followers of John the Baptist came and asked Jesus, ‚ÄúWhy do we and the Pharisees often go without eating, while your disciples never do?‚ÄĚ","∆źh…©, Z čan menian'n-m…Ē wal…© t čl…© Zozi a, b…õŐĀ nwan: ‚ÄúY…õ n čn *Falisif č…õ'n-m…Ē y…õ di abuala titi. Nan nzuk…õ ati y…õŐā w…ĒŐĀ menian d…©…õ'n-m…Ē nni man abuala'n bie'n?‚ÄĚ","Hello, I have come to ask you a question, and I say: ‚ÄúYou are Falisif č…õ's child, I hear. Can you tell me where your father's compound is?‚ÄĚ",0.07112119,nsanku_output_kcn
"If God doesn't make the time shorter, no one will be left alive. But because of God's chosen ones, he will make the time shorter.","S…õ Nyanm…©an muonun a mgb…õ man t…õm čn s…Ē n…©n as č a, s čanlan f…©ŐĀ…©ŐĀ nnyan man y…©ŐĀ ti. Nan y…©ŐĀ menian'n-m…Ē m…Ē …Ē'a kpa b…õŐĀ …Ē'a y…Ē y…©ŐĀ d…©…õ'n-m…Ē dunman nun, …Ē'a kp…õ c…©an s…Ē'n-m…Ē as č.","If you want to eat food then you must first prepare it, then you can eat. You must first prepare food before you eat it, then you can chew and swallow it.",0.13172428,nsanku_output_kcn
"After Jesus had made the Sadducees look foolish, the Pharisees heard about it and got together.","M…Ē *Falisif č…õ'n-m…Ē t…©l…© k…õ Zozi a h čala *Sadusif č…õ'n-m…Ē'n, b…õ k…Ē yia …õb…õl…õ.","The chief Falisif…Ē's family and Sadusif…Ē's family are related, they are from the same clan.",0.27660462,nsanku_output_kcn
